0 verbose cli E:\node\node.exe E:\node\node_modules\npm\bin\npm-cli.js
1 info using npm@10.9.2
2 info using node@v22.14.0
3 silly config load:file:E:\node\node_modules\npm\npmrc
4 silly config load:file:E:\zhihe\GSB\glm\.npmrc
5 silly config load:file:C:\Users\amm\.npmrc
6 silly config load:file:E:\node\node_global\etc\npmrc
7 verbose title npm install
8 verbose argv "install"
9 verbose logfile logs-max:10 dir:E:\zhihe\GSB\glm\node_cache\_logs\2026-04-20T08_38_40_932Z-
10 verbose logfile E:\zhihe\GSB\glm\node_cache\_logs\2026-04-20T08_38_40_932Z-debug-0.log
11 silly logfile done cleaning log files
12 silly packumentCache heap:4345298944 maxSize:1086324736 maxEntrySize:543162368
13 silly idealTree buildDeps
14 silly fetch manifest @dnd-kit/core@^6.1.0
15 silly packumentCache full:https://registry.npmjs.org/@dnd-kit%2fcore cache-miss
16 http fetch GET 200 https://registry.npmjs.org/@dnd-kit%2fcore 1072ms (cache miss)
17 silly packumentCache full:https://registry.npmjs.org/@dnd-kit%2fcore set size:undefined disposed:false
18 silly fetch manifest react@^18.3.1
19 silly packumentCache full:https://registry.npmjs.org/react cache-miss
20 http fetch GET 200 https://registry.npmjs.org/npm 1426ms
21 http fetch GET 200 https://registry.npmjs.org/react 965ms (cache miss)
22 silly packumentCache full:https://registry.npmjs.org/react set size:undefined disposed:false
23 silly fetch manifest react-dom@^18.3.1
24 silly packumentCache full:https://registry.npmjs.org/react-dom cache-miss
25 http fetch GET 200 https://registry.npmjs.org/react-dom 777ms (cache miss)
26 silly packumentCache full:https://registry.npmjs.org/react-dom set size:undefined disposed:false
27 silly fetch manifest @dnd-kit/sortable@^8.0.0
28 silly packumentCache full:https://registry.npmjs.org/@dnd-kit%2fsortable cache-miss
29 http fetch GET 200 https://registry.npmjs.org/@dnd-kit%2fsortable 260ms (cache miss)
30 silly packumentCache full:https://registry.npmjs.org/@dnd-kit%2fsortable set size:undefined disposed:false
31 silly fetch manifest @dnd-kit/utilities@^3.2.2
32 silly packumentCache full:https://registry.npmjs.org/@dnd-kit%2futilities cache-miss
33 http fetch GET 200 https://registry.npmjs.org/@dnd-kit%2futilities 255ms (cache miss)
34 silly packumentCache full:https://registry.npmjs.org/@dnd-kit%2futilities set size:undefined disposed:false
35 silly fetch manifest date-fns@^3.6.0
36 silly packumentCache full:https://registry.npmjs.org/date-fns cache-miss
37 http fetch GET 200 https://registry.npmjs.org/date-fns 369ms (cache miss)
38 silly packumentCache full:https://registry.npmjs.org/date-fns set size:undefined disposed:false
39 silly fetch manifest lucide-react@^0.378.0
40 silly packumentCache full:https://registry.npmjs.org/lucide-react cache-miss
41 http fetch GET 200 https://registry.npmjs.org/lucide-react 291ms (cache miss)
42 silly packumentCache full:https://registry.npmjs.org/lucide-react set size:undefined disposed:false
43 silly fetch manifest zustand@^4.5.2
44 silly packumentCache full:https://registry.npmjs.org/zustand cache-miss
45 http fetch GET 200 https://registry.npmjs.org/zustand 248ms (cache miss)
46 silly packumentCache full:https://registry.npmjs.org/zustand set size:undefined disposed:false
47 silly fetch manifest @types/react@^18.3.5
48 silly packumentCache full:https://registry.npmjs.org/@types%2freact cache-miss
49 http fetch GET 200 https://registry.npmjs.org/@types%2freact 287ms (cache miss)
50 silly packumentCache full:https://registry.npmjs.org/@types%2freact set size:undefined disposed:false
51 silly fetch manifest immer@>=9.0.6
52 silly packumentCache full:https://registry.npmjs.org/immer cache-miss
53 http fetch GET 200 https://registry.npmjs.org/immer 249ms (cache miss)
54 silly packumentCache full:https://registry.npmjs.org/immer set size:undefined disposed:false
55 silly fetch manifest @eslint/js@^9.9.1
56 silly packumentCache full:https://registry.npmjs.org/@eslint%2fjs cache-miss
57 http fetch GET 200 https://registry.npmjs.org/@eslint%2fjs 244ms (cache miss)
58 silly packumentCache full:https://registry.npmjs.org/@eslint%2fjs set size:undefined disposed:false
59 silly fetch manifest @types/react-dom@^18.3.0
60 silly packumentCache full:https://registry.npmjs.org/@types%2freact-dom cache-miss
61 http fetch GET 200 https://registry.npmjs.org/@types%2freact-dom 249ms (cache miss)
62 silly packumentCache full:https://registry.npmjs.org/@types%2freact-dom set size:undefined disposed:false
63 silly fetch manifest @vitejs/plugin-react@^4.3.1
64 silly packumentCache full:https://registry.npmjs.org/@vitejs%2fplugin-react cache-miss
65 http fetch GET 200 https://registry.npmjs.org/@vitejs%2fplugin-react 256ms (cache miss)
66 silly packumentCache full:https://registry.npmjs.org/@vitejs%2fplugin-react set size:undefined disposed:false
67 silly fetch manifest vite@^5.4.2
68 silly packumentCache full:https://registry.npmjs.org/vite cache-miss
69 http fetch GET 200 https://registry.npmjs.org/vite 849ms (cache miss)
70 silly packumentCache full:https://registry.npmjs.org/vite set size:undefined disposed:false
71 silly fetch manifest @types/node@^18.0.0 || >=20.0.0
72 silly packumentCache full:https://registry.npmjs.org/@types%2fnode cache-miss
73 http fetch GET 200 https://registry.npmjs.org/@types%2fnode 383ms (cache miss)
74 silly packumentCache full:https://registry.npmjs.org/@types%2fnode set size:undefined disposed:false
75 silly fetch manifest less@*
76 silly packumentCache full:https://registry.npmjs.org/less cache-miss
77 http fetch GET 200 https://registry.npmjs.org/less 236ms (cache miss)
78 silly packumentCache full:https://registry.npmjs.org/less set size:undefined disposed:false
79 silly fetch manifest lightningcss@^1.21.0
80 silly packumentCache full:https://registry.npmjs.org/lightningcss cache-miss
81 http fetch GET 200 https://registry.npmjs.org/lightningcss 237ms (cache miss)
82 silly packumentCache full:https://registry.npmjs.org/lightningcss set size:undefined disposed:false
83 silly fetch manifest sass@*
84 silly packumentCache full:https://registry.npmjs.org/sass cache-miss
85 http fetch GET 200 https://registry.npmjs.org/sass 256ms (cache miss)
86 silly packumentCache full:https://registry.npmjs.org/sass set size:undefined disposed:false
87 silly fetch manifest sass-embedded@*
88 silly packumentCache full:https://registry.npmjs.org/sass-embedded cache-miss
89 http fetch GET 200 https://registry.npmjs.org/sass-embedded 238ms (cache miss)
90 silly packumentCache full:https://registry.npmjs.org/sass-embedded set size:undefined disposed:false
91 silly fetch manifest stylus@*
92 silly packumentCache full:https://registry.npmjs.org/stylus cache-miss
93 http fetch GET 200 https://registry.npmjs.org/stylus 235ms (cache miss)
94 silly packumentCache full:https://registry.npmjs.org/stylus set size:undefined disposed:false
95 silly fetch manifest sugarss@*
96 silly packumentCache full:https://registry.npmjs.org/sugarss cache-miss
97 http fetch GET 200 https://registry.npmjs.org/sugarss 239ms (cache miss)
98 silly packumentCache full:https://registry.npmjs.org/sugarss set size:undefined disposed:false
99 silly fetch manifest postcss@^8.4.38
100 silly packumentCache full:https://registry.npmjs.org/postcss cache-miss
101 http fetch GET 200 https://registry.npmjs.org/postcss 246ms (cache miss)
102 silly packumentCache full:https://registry.npmjs.org/postcss set size:undefined disposed:false
103 silly fetch manifest terser@^5.4.0
104 silly packumentCache full:https://registry.npmjs.org/terser cache-miss
105 http fetch GET 200 https://registry.npmjs.org/terser 252ms (cache miss)
106 silly packumentCache full:https://registry.npmjs.org/terser set size:undefined disposed:false
107 silly fetch manifest autoprefixer@^10.4.19
108 silly packumentCache full:https://registry.npmjs.org/autoprefixer cache-miss
109 http fetch GET 200 https://registry.npmjs.org/autoprefixer 246ms (cache miss)
110 silly packumentCache full:https://registry.npmjs.org/autoprefixer set size:undefined disposed:false
111 silly fetch manifest eslint@^9.9.1
112 silly packumentCache full:https://registry.npmjs.org/eslint cache-miss
113 http fetch GET 200 https://registry.npmjs.org/eslint 251ms (cache miss)
114 silly packumentCache full:https://registry.npmjs.org/eslint set size:undefined disposed:false
115 silly fetch manifest jiti@*
116 silly packumentCache full:https://registry.npmjs.org/jiti cache-miss
117 http fetch GET 200 https://registry.npmjs.org/jiti 246ms (cache miss)
118 silly packumentCache full:https://registry.npmjs.org/jiti set size:undefined disposed:false
119 silly fetch manifest eslint-plugin-react-hooks@^5.1.0-rc.0
120 silly packumentCache full:https://registry.npmjs.org/eslint-plugin-react-hooks cache-miss
121 http fetch GET 200 https://registry.npmjs.org/eslint-plugin-react-hooks 328ms (cache miss)
122 silly packumentCache full:https://registry.npmjs.org/eslint-plugin-react-hooks set size:undefined disposed:false
123 silly fetch manifest eslint-plugin-react-refresh@^0.4.11
124 silly packumentCache full:https://registry.npmjs.org/eslint-plugin-react-refresh cache-miss
125 http fetch GET 200 https://registry.npmjs.org/eslint-plugin-react-refresh 244ms (cache miss)
126 silly packumentCache full:https://registry.npmjs.org/eslint-plugin-react-refresh set size:undefined disposed:false
127 silly fetch manifest globals@^15.9.0
128 silly packumentCache full:https://registry.npmjs.org/globals cache-miss
129 http fetch GET 200 https://registry.npmjs.org/globals 265ms (cache miss)
130 silly packumentCache full:https://registry.npmjs.org/globals set size:undefined disposed:false
131 silly fetch manifest tailwindcss@^3.4.3
132 silly packumentCache full:https://registry.npmjs.org/tailwindcss cache-miss
133 http fetch GET 200 https://registry.npmjs.org/tailwindcss 305ms (cache miss)
134 silly packumentCache full:https://registry.npmjs.org/tailwindcss set size:undefined disposed:false
135 silly fetch manifest typescript@^5.5.3
136 silly packumentCache full:https://registry.npmjs.org/typescript cache-miss
137 http fetch GET 200 https://registry.npmjs.org/typescript 407ms (cache miss)
138 silly packumentCache full:https://registry.npmjs.org/typescript set size:undefined disposed:false
139 silly fetch manifest typescript-eslint@^8.3.0
140 silly packumentCache full:https://registry.npmjs.org/typescript-eslint cache-miss
141 http fetch GET 200 https://registry.npmjs.org/typescript-eslint 262ms (cache miss)
142 silly packumentCache full:https://registry.npmjs.org/typescript-eslint set size:undefined disposed:false
143 silly placeDep ROOT @dnd-kit/core@6.3.1 OK for: lingxi-kanban@1.0.0 want: ^6.1.0
144 silly placeDep ROOT react@18.3.1 OK for: @dnd-kit/core@6.3.1 want: >=16.8.0
145 silly placeDep ROOT react-dom@18.3.1 OK for: @dnd-kit/core@6.3.1 want: >=16.8.0
146 silly placeDep ROOT @dnd-kit/sortable@8.0.0 OK for: lingxi-kanban@1.0.0 want: ^8.0.0
147 silly placeDep ROOT @dnd-kit/utilities@3.2.2 OK for: lingxi-kanban@1.0.0 want: ^3.2.2
148 silly placeDep ROOT @eslint/js@9.39.4 OK for: lingxi-kanban@1.0.0 want: ^9.9.1
149 silly placeDep ROOT @types/react@18.3.28 OK for: lingxi-kanban@1.0.0 want: ^18.3.5
150 silly placeDep ROOT @types/react-dom@18.3.7 OK for: lingxi-kanban@1.0.0 want: ^18.3.0
151 silly placeDep ROOT @vitejs/plugin-react@4.7.0 OK for: lingxi-kanban@1.0.0 want: ^4.3.1
152 silly placeDep ROOT vite@5.4.21 OK for: @vitejs/plugin-react@4.7.0 want: ^4.2.0 || ^5.0.0 || ^6.0.0 || ^7.0.0
153 silly placeDep ROOT autoprefixer@10.5.0 OK for: lingxi-kanban@1.0.0 want: ^10.4.19
154 silly placeDep ROOT postcss@8.5.10 OK for: autoprefixer@10.5.0 want: ^8.1.0
155 silly placeDep ROOT date-fns@3.6.0 OK for: lingxi-kanban@1.0.0 want: ^3.6.0
156 silly placeDep ROOT eslint@9.39.4 OK for: lingxi-kanban@1.0.0 want: ^9.9.1
157 silly placeDep ROOT eslint-plugin-react-hooks@5.2.0 OK for: lingxi-kanban@1.0.0 want: ^5.1.0-rc.0
158 silly placeDep ROOT eslint-plugin-react-refresh@0.4.26 OK for: lingxi-kanban@1.0.0 want: ^0.4.11
159 silly placeDep ROOT globals@15.15.0 OK for: lingxi-kanban@1.0.0 want: ^15.9.0
160 silly placeDep ROOT lucide-react@0.378.0 OK for: lingxi-kanban@1.0.0 want: ^0.378.0
161 silly placeDep ROOT tailwindcss@3.4.19 OK for: lingxi-kanban@1.0.0 want: ^3.4.3
162 silly placeDep ROOT typescript@5.9.3 OK for: lingxi-kanban@1.0.0 want: ^5.5.3
163 silly placeDep ROOT typescript-eslint@8.58.2 OK for: lingxi-kanban@1.0.0 want: ^8.3.0
164 silly placeDep ROOT zustand@4.5.7 OK for: lingxi-kanban@1.0.0 want: ^4.5.2
165 silly fetch manifest tslib@^2.0.0
166 silly packumentCache full:https://registry.npmjs.org/tslib cache-miss
167 silly fetch manifest @dnd-kit/accessibility@^3.1.1
168 silly packumentCache full:https://registry.npmjs.org/@dnd-kit%2faccessibility cache-miss
169 silly fetch manifest scheduler@^0.23.2
170 silly packumentCache full:https://registry.npmjs.org/scheduler cache-miss
171 silly fetch manifest loose-envify@^1.1.0
172 silly packumentCache full:https://registry.npmjs.org/loose-envify cache-miss
173 silly fetch manifest loose-envify@^1.1.0
174 silly packumentCache full:https://registry.npmjs.org/loose-envify cache-miss
175 silly fetch manifest tslib@^2.0.0
176 silly packumentCache full:https://registry.npmjs.org/tslib cache-miss
177 silly fetch manifest tslib@^2.0.0
178 silly packumentCache full:https://registry.npmjs.org/tslib cache-miss
179 silly fetch manifest csstype@^3.2.2
180 silly packumentCache full:https://registry.npmjs.org/csstype cache-miss
181 silly fetch manifest @types/prop-types@*
182 silly packumentCache full:https://registry.npmjs.org/@types%2fprop-types cache-miss
183 silly fetch manifest @babel/core@^7.28.0
184 silly packumentCache full:https://registry.npmjs.org/@babel%2fcore cache-miss
185 silly fetch manifest react-refresh@^0.17.0
186 silly packumentCache full:https://registry.npmjs.org/react-refresh cache-miss
187 http fetch GET 200 https://registry.npmjs.org/tslib 235ms (cache miss)
188 silly packumentCache full:https://registry.npmjs.org/tslib set size:undefined disposed:false
189 silly fetch manifest @types/babel__core@^7.20.5
190 silly packumentCache full:https://registry.npmjs.org/@types%2fbabel__core cache-miss
191 http fetch GET 200 https://registry.npmjs.org/@dnd-kit%2faccessibility 251ms (cache miss)
192 silly packumentCache full:https://registry.npmjs.org/@dnd-kit%2faccessibility set size:undefined disposed:false
193 silly fetch manifest @rolldown/pluginutils@1.0.0-beta.27
194 silly packumentCache full:https://registry.npmjs.org/@rolldown%2fpluginutils cache-miss
195 http fetch GET 200 https://registry.npmjs.org/@types%2fbabel__core 238ms (cache miss)
196 silly packumentCache full:https://registry.npmjs.org/@types%2fbabel__core set size:undefined disposed:false
197 silly fetch manifest @babel/plugin-transform-react-jsx-self@^7.27.1
198 silly packumentCache full:https://registry.npmjs.org/@babel%2fplugin-transform-react-jsx-self cache-miss
199 http fetch GET 200 https://registry.npmjs.org/@rolldown%2fpluginutils 253ms (cache miss)
200 silly packumentCache full:https://registry.npmjs.org/@rolldown%2fpluginutils set size:undefined disposed:false
201 silly fetch manifest @babel/plugin-transform-react-jsx-source@^7.27.1
202 silly packumentCache full:https://registry.npmjs.org/@babel%2fplugin-transform-react-jsx-source cache-miss
203 http fetch GET 200 https://registry.npmjs.org/@babel%2fplugin-transform-react-jsx-self 243ms (cache miss)
204 silly packumentCache full:https://registry.npmjs.org/@babel%2fplugin-transform-react-jsx-self set size:undefined disposed:false
205 silly fetch manifest rollup@^4.20.0
206 silly packumentCache full:https://registry.npmjs.org/rollup cache-miss
207 http fetch GET 200 https://registry.npmjs.org/@babel%2fplugin-transform-react-jsx-source 234ms (cache miss)
208 silly packumentCache full:https://registry.npmjs.org/@babel%2fplugin-transform-react-jsx-source set size:undefined disposed:false
209 silly fetch manifest esbuild@^0.21.3
210 silly packumentCache full:https://registry.npmjs.org/esbuild cache-miss
211 http fetch GET 200 https://registry.npmjs.org/@types%2fprop-types 819ms (cache miss)
212 silly packumentCache full:https://registry.npmjs.org/@types%2fprop-types set size:undefined disposed:false
213 silly fetch manifest postcss@^8.4.43
214 silly packumentCache full:https://registry.npmjs.org/postcss cache-miss
215 http cache https://registry.npmjs.org/postcss 18ms (cache hit)
216 silly packumentCache full:https://registry.npmjs.org/postcss set size:708244 disposed:false
217 silly fetch manifest fsevents@~2.3.3
218 silly packumentCache full:https://registry.npmjs.org/fsevents cache-miss
219 http fetch GET 200 https://registry.npmjs.org/loose-envify 876ms (cache miss)
220 silly packumentCache full:https://registry.npmjs.org/loose-envify set size:undefined disposed:false
221 silly fetch manifest browserslist@^4.28.2
222 silly packumentCache full:https://registry.npmjs.org/browserslist cache-miss
223 http fetch GET 200 https://registry.npmjs.org/loose-envify 998ms (cache miss)
224 silly packumentCache full:https://registry.npmjs.org/loose-envify set size:undefined disposed:false
225 silly fetch manifest caniuse-lite@^1.0.30001787
226 silly packumentCache full:https://registry.npmjs.org/caniuse-lite cache-miss
227 http fetch GET 200 https://registry.npmjs.org/tslib 1001ms (cache miss)
228 silly packumentCache full:https://registry.npmjs.org/tslib set size:undefined disposed:false
229 silly fetch manifest fraction.js@^5.3.4
230 silly packumentCache full:https://registry.npmjs.org/fraction.js cache-miss
231 http fetch GET 200 https://registry.npmjs.org/tslib 1006ms (cache miss)
232 silly packumentCache full:https://registry.npmjs.org/tslib set size:undefined disposed:false
233 silly fetch manifest picocolors@^1.1.1
234 silly packumentCache full:https://registry.npmjs.org/picocolors cache-miss
235 http fetch GET 200 https://registry.npmjs.org/csstype 1011ms (cache miss)
236 silly packumentCache full:https://registry.npmjs.org/csstype set size:undefined disposed:false
237 silly fetch manifest postcss-value-parser@^4.2.0
238 silly packumentCache full:https://registry.npmjs.org/postcss-value-parser cache-miss
239 http fetch GET 200 https://registry.npmjs.org/esbuild 309ms (cache miss)
240 silly packumentCache full:https://registry.npmjs.org/esbuild set size:undefined disposed:false
241 silly fetch manifest nanoid@^3.3.11
242 silly packumentCache full:https://registry.npmjs.org/nanoid cache-miss
243 http fetch GET 200 https://registry.npmjs.org/@babel%2fcore 1070ms (cache miss)
244 silly packumentCache full:https://registry.npmjs.org/@babel%2fcore set size:undefined disposed:false
245 silly fetch manifest picocolors@^1.1.1
246 silly packumentCache full:https://registry.npmjs.org/picocolors cache-miss
247 http fetch GET 200 https://registry.npmjs.org/rollup 363ms (cache miss)
248 silly packumentCache full:https://registry.npmjs.org/rollup set size:undefined disposed:false
249 silly fetch manifest source-map-js@^1.2.1
250 silly packumentCache full:https://registry.npmjs.org/source-map-js cache-miss
251 http fetch GET 200 https://registry.npmjs.org/fsevents 319ms (cache miss)
252 silly packumentCache full:https://registry.npmjs.org/fsevents set size:undefined disposed:false
253 silly fetch manifest ajv@^6.14.0
254 silly packumentCache full:https://registry.npmjs.org/ajv cache-miss
255 http fetch GET 200 https://registry.npmjs.org/picocolors 235ms (cache miss)
256 silly packumentCache full:https://registry.npmjs.org/picocolors set size:undefined disposed:false
257 silly fetch manifest chalk@^4.0.0
258 silly packumentCache full:https://registry.npmjs.org/chalk cache-miss
259 http fetch GET 200 https://registry.npmjs.org/postcss-value-parser 236ms (cache miss)
260 silly packumentCache full:https://registry.npmjs.org/postcss-value-parser set size:undefined disposed:false
261 silly fetch manifest debug@^4.3.2
262 silly packumentCache full:https://registry.npmjs.org/debug cache-miss
263 http fetch GET 200 https://registry.npmjs.org/fraction.js 302ms (cache miss)
264 silly packumentCache full:https://registry.npmjs.org/fraction.js set size:undefined disposed:false
265 silly fetch manifest espree@^10.4.0
266 silly packumentCache full:https://registry.npmjs.org/espree cache-miss
267 http fetch GET 200 https://registry.npmjs.org/nanoid 246ms (cache miss)
268 silly packumentCache full:https://registry.npmjs.org/nanoid set size:undefined disposed:false
269 silly fetch manifest ignore@^5.2.0
270 silly packumentCache full:https://registry.npmjs.org/ignore cache-miss
271 http fetch GET 200 https://registry.npmjs.org/browserslist 473ms (cache miss)
272 silly packumentCache full:https://registry.npmjs.org/browserslist set size:undefined disposed:false
273 silly fetch manifest esquery@^1.5.0
274 silly packumentCache full:https://registry.npmjs.org/esquery cache-miss
275 http fetch GET 200 https://registry.npmjs.org/picocolors 284ms (cache miss)
276 silly packumentCache full:https://registry.npmjs.org/picocolors set size:undefined disposed:false
277 silly fetch manifest esutils@^2.0.2
278 silly packumentCache full:https://registry.npmjs.org/esutils cache-miss
279 http fetch GET 200 https://registry.npmjs.org/source-map-js 239ms (cache miss)
280 silly packumentCache full:https://registry.npmjs.org/source-map-js set size:undefined disposed:false
281 silly fetch manifest find-up@^5.0.0
282 silly packumentCache full:https://registry.npmjs.org/find-up cache-miss
283 http fetch GET 200 https://registry.npmjs.org/debug 227ms (cache miss)
284 silly packumentCache full:https://registry.npmjs.org/debug set size:undefined disposed:false
285 silly fetch manifest is-glob@^4.0.0
286 silly packumentCache full:https://registry.npmjs.org/is-glob cache-miss
287 http fetch GET 200 https://registry.npmjs.org/chalk 257ms (cache miss)
288 silly packumentCache full:https://registry.npmjs.org/chalk set size:undefined disposed:false
289 silly fetch manifest minimatch@^3.1.5
290 silly packumentCache full:https://registry.npmjs.org/minimatch cache-miss
291 http fetch GET 200 https://registry.npmjs.org/ignore 242ms (cache miss)
292 silly packumentCache full:https://registry.npmjs.org/ignore set size:undefined disposed:false
293 silly fetch manifest optionator@^0.9.3
294 silly packumentCache full:https://registry.npmjs.org/optionator cache-miss
295 http fetch GET 200 https://registry.npmjs.org/esutils 229ms (cache miss)
296 silly packumentCache full:https://registry.npmjs.org/esutils set size:undefined disposed:false
297 silly fetch manifest cross-spawn@^7.0.6
298 silly packumentCache full:https://registry.npmjs.org/cross-spawn cache-miss
299 http fetch GET 200 https://registry.npmjs.org/esquery 239ms (cache miss)
300 silly packumentCache full:https://registry.npmjs.org/esquery set size:undefined disposed:false
301 silly fetch manifest glob-parent@^6.0.2
302 silly packumentCache full:https://registry.npmjs.org/glob-parent cache-miss
303 http fetch GET 200 https://registry.npmjs.org/espree 294ms (cache miss)
304 silly packumentCache full:https://registry.npmjs.org/espree set size:undefined disposed:false
305 silly fetch manifest imurmurhash@^0.1.4
306 silly packumentCache full:https://registry.npmjs.org/imurmurhash cache-miss
307 http fetch GET 200 https://registry.npmjs.org/find-up 240ms (cache miss)
308 silly packumentCache full:https://registry.npmjs.org/find-up set size:undefined disposed:false
309 silly fetch manifest @eslint/core@^0.17.0
310 silly packumentCache full:https://registry.npmjs.org/@eslint%2fcore cache-miss
311 http fetch GET 200 https://registry.npmjs.org/ajv 481ms (cache miss)
312 silly packumentCache full:https://registry.npmjs.org/ajv set size:undefined disposed:false
313 silly fetch manifest eslint-scope@^8.4.0
314 silly packumentCache full:https://registry.npmjs.org/eslint-scope cache-miss
315 http fetch GET 200 https://registry.npmjs.org/scheduler 1705ms (cache miss)
316 silly packumentCache full:https://registry.npmjs.org/scheduler set size:undefined disposed:false
317 silly fetch manifest lodash.merge@^4.6.2
318 silly packumentCache full:https://registry.npmjs.org/lodash.merge cache-miss
319 http fetch GET 200 https://registry.npmjs.org/is-glob 276ms (cache miss)
320 silly packumentCache full:https://registry.npmjs.org/is-glob set size:undefined disposed:false
321 silly fetch manifest @humanfs/node@^0.16.6
322 silly packumentCache full:https://registry.npmjs.org/@humanfs%2fnode cache-miss
323 http fetch GET 200 https://registry.npmjs.org/optionator 240ms (cache miss)
324 silly packumentCache full:https://registry.npmjs.org/optionator set size:undefined disposed:false
325 silly fetch manifest @types/estree@^1.0.6
326 silly packumentCache full:https://registry.npmjs.org/@types%2festree cache-miss
327 http fetch GET 200 https://registry.npmjs.org/cross-spawn 241ms (cache miss)
328 silly packumentCache full:https://registry.npmjs.org/cross-spawn set size:undefined disposed:false
329 silly fetch manifest fast-deep-equal@^3.1.3
330 silly packumentCache full:https://registry.npmjs.org/fast-deep-equal cache-miss
331 http fetch GET 200 https://registry.npmjs.org/imurmurhash 234ms (cache miss)
332 silly packumentCache full:https://registry.npmjs.org/imurmurhash set size:undefined disposed:false
333 silly fetch manifest natural-compare@^1.4.0
334 silly packumentCache full:https://registry.npmjs.org/natural-compare cache-miss
335 http fetch GET 200 https://registry.npmjs.org/glob-parent 246ms (cache miss)
336 silly packumentCache full:https://registry.npmjs.org/glob-parent set size:undefined disposed:false
337 silly fetch manifest @eslint/eslintrc@^3.3.5
338 silly packumentCache full:https://registry.npmjs.org/@eslint%2feslintrc cache-miss
339 http fetch GET 200 https://registry.npmjs.org/@eslint%2fcore 264ms (cache miss)
340 silly packumentCache full:https://registry.npmjs.org/@eslint%2fcore set size:undefined disposed:false
341 silly fetch manifest file-entry-cache@^8.0.0
342 silly packumentCache full:https://registry.npmjs.org/file-entry-cache cache-miss
343 http fetch GET 200 https://registry.npmjs.org/caniuse-lite 906ms (cache miss)
344 silly packumentCache full:https://registry.npmjs.org/caniuse-lite set size:undefined disposed:false
345 silly fetch manifest @eslint/plugin-kit@^0.4.1
346 silly packumentCache full:https://registry.npmjs.org/@eslint%2fplugin-kit cache-miss
347 http fetch GET 200 https://registry.npmjs.org/eslint-scope 263ms (cache miss)
348 silly packumentCache full:https://registry.npmjs.org/eslint-scope set size:undefined disposed:false
349 silly fetch manifest eslint-visitor-keys@^4.2.1
350 silly packumentCache full:https://registry.npmjs.org/eslint-visitor-keys cache-miss
351 http fetch GET 200 https://registry.npmjs.org/react-refresh 1934ms (cache miss)
352 silly packumentCache full:https://registry.npmjs.org/react-refresh set size:undefined disposed:false
353 silly fetch manifest @eslint/config-array@^0.21.2
354 silly packumentCache full:https://registry.npmjs.org/@eslint%2fconfig-array cache-miss
355 http fetch GET 200 https://registry.npmjs.org/minimatch 488ms (cache miss)
356 silly packumentCache full:https://registry.npmjs.org/minimatch set size:undefined disposed:false
357 silly fetch manifest @humanwhocodes/retry@^0.4.2
358 silly packumentCache full:https://registry.npmjs.org/@humanwhocodes%2fretry cache-miss
359 http fetch GET 200 https://registry.npmjs.org/lodash.merge 265ms (cache miss)
360 silly packumentCache full:https://registry.npmjs.org/lodash.merge set size:undefined disposed:false
361 silly fetch manifest escape-string-regexp@^4.0.0
362 silly packumentCache full:https://registry.npmjs.org/escape-string-regexp cache-miss
363 http fetch GET 200 https://registry.npmjs.org/@humanfs%2fnode 253ms (cache miss)
364 silly packumentCache full:https://registry.npmjs.org/@humanfs%2fnode set size:undefined disposed:false
365 silly fetch manifest @eslint/config-helpers@^0.4.2
366 silly packumentCache full:https://registry.npmjs.org/@eslint%2fconfig-helpers cache-miss
367 http fetch GET 200 https://registry.npmjs.org/@types%2festree 238ms (cache miss)
368 silly packumentCache full:https://registry.npmjs.org/@types%2festree set size:undefined disposed:false
369 silly fetch manifest @eslint-community/regexpp@^4.12.1
370 silly packumentCache full:https://registry.npmjs.org/@eslint-community%2fregexpp cache-miss
371 http fetch GET 200 https://registry.npmjs.org/fast-deep-equal 232ms (cache miss)
372 silly packumentCache full:https://registry.npmjs.org/fast-deep-equal set size:undefined disposed:false
373 silly fetch manifest @eslint-community/eslint-utils@^4.8.0
374 silly packumentCache full:https://registry.npmjs.org/@eslint-community%2feslint-utils cache-miss
375 http fetch GET 200 https://registry.npmjs.org/natural-compare 234ms (cache miss)
376 silly packumentCache full:https://registry.npmjs.org/natural-compare set size:undefined disposed:false
377 silly fetch manifest @humanwhocodes/module-importer@^1.0.1
378 silly packumentCache full:https://registry.npmjs.org/@humanwhocodes%2fmodule-importer cache-miss
379 http fetch GET 200 https://registry.npmjs.org/@eslint%2feslintrc 273ms (cache miss)
380 silly packumentCache full:https://registry.npmjs.org/@eslint%2feslintrc set size:undefined disposed:false
381 silly fetch manifest json-stable-stringify-without-jsonify@^1.0.1
382 silly packumentCache full:https://registry.npmjs.org/json-stable-stringify-without-jsonify cache-miss
383 http fetch GET 200 https://registry.npmjs.org/file-entry-cache 256ms (cache miss)
384 silly packumentCache full:https://registry.npmjs.org/file-entry-cache set size:undefined disposed:false
385 silly fetch manifest arg@^5.0.2
386 silly packumentCache full:https://registry.npmjs.org/arg cache-miss
387 http fetch GET 200 https://registry.npmjs.org/eslint-visitor-keys 250ms (cache miss)
388 silly packumentCache full:https://registry.npmjs.org/eslint-visitor-keys set size:undefined disposed:false
389 silly fetch manifest dlv@^1.1.3
390 silly packumentCache full:https://registry.npmjs.org/dlv cache-miss
391 http fetch GET 200 https://registry.npmjs.org/@eslint%2fplugin-kit 259ms (cache miss)
392 silly packumentCache full:https://registry.npmjs.org/@eslint%2fplugin-kit set size:undefined disposed:false
393 silly fetch manifest jiti@^1.21.7
394 silly packumentCache full:https://registry.npmjs.org/jiti cache-miss
395 http cache https://registry.npmjs.org/jiti 7ms (cache hit)
396 silly packumentCache full:https://registry.npmjs.org/jiti set size:382310 disposed:false
397 silly fetch manifest is-glob@^4.0.3
398 silly packumentCache full:https://registry.npmjs.org/is-glob cache-miss
399 http cache https://registry.npmjs.org/is-glob 6ms (cache hit)
400 silly packumentCache full:https://registry.npmjs.org/is-glob set size:40530 disposed:false
401 silly fetch manifest resolve@^1.22.8
402 silly packumentCache full:https://registry.npmjs.org/resolve cache-miss
403 http fetch GET 200 https://registry.npmjs.org/escape-string-regexp 219ms (cache miss)
404 silly packumentCache full:https://registry.npmjs.org/escape-string-regexp set size:undefined disposed:false
405 silly fetch manifest sucrase@^3.35.0
406 silly packumentCache full:https://registry.npmjs.org/sucrase cache-miss
407 http fetch GET 200 https://registry.npmjs.org/@eslint%2fconfig-array 252ms (cache miss)
408 silly packumentCache full:https://registry.npmjs.org/@eslint%2fconfig-array set size:undefined disposed:false
409 silly fetch manifest chokidar@^3.6.0
410 silly packumentCache full:https://registry.npmjs.org/chokidar cache-miss
411 http fetch GET 200 https://registry.npmjs.org/@humanwhocodes%2fretry 252ms (cache miss)
412 silly packumentCache full:https://registry.npmjs.org/@humanwhocodes%2fretry set size:undefined disposed:false
413 silly fetch manifest fast-glob@^3.3.2
414 silly packumentCache full:https://registry.npmjs.org/fast-glob cache-miss
415 http fetch GET 200 https://registry.npmjs.org/@eslint%2fconfig-helpers 245ms (cache miss)
416 silly packumentCache full:https://registry.npmjs.org/@eslint%2fconfig-helpers set size:undefined disposed:false
417 silly fetch manifest lilconfig@^3.1.3
418 silly packumentCache full:https://registry.npmjs.org/lilconfig cache-miss
419 http fetch GET 200 https://registry.npmjs.org/@eslint-community%2fregexpp 242ms (cache miss)
420 silly packumentCache full:https://registry.npmjs.org/@eslint-community%2fregexpp set size:undefined disposed:false
421 silly fetch manifest didyoumean@^1.2.2
422 silly packumentCache full:https://registry.npmjs.org/didyoumean cache-miss
423 http fetch GET 200 https://registry.npmjs.org/@eslint-community%2feslint-utils 247ms (cache miss)
424 silly packumentCache full:https://registry.npmjs.org/@eslint-community%2feslint-utils set size:undefined disposed:false
425 silly fetch manifest micromatch@^4.0.8
426 silly packumentCache full:https://registry.npmjs.org/micromatch cache-miss
427 http fetch GET 200 https://registry.npmjs.org/@humanwhocodes%2fmodule-importer 253ms (cache miss)
428 silly packumentCache full:https://registry.npmjs.org/@humanwhocodes%2fmodule-importer set size:undefined disposed:false
429 silly fetch manifest postcss-js@^4.0.1
430 silly packumentCache full:https://registry.npmjs.org/postcss-js cache-miss
431 http fetch GET 200 https://registry.npmjs.org/json-stable-stringify-without-jsonify 225ms (cache miss)
432 silly packumentCache full:https://registry.npmjs.org/json-stable-stringify-without-jsonify set size:undefined disposed:false
433 silly fetch manifest object-hash@^3.0.0
434 silly packumentCache full:https://registry.npmjs.org/object-hash cache-miss
435 http fetch GET 200 https://registry.npmjs.org/arg 245ms (cache miss)
436 silly packumentCache full:https://registry.npmjs.org/arg set size:undefined disposed:false
437 silly fetch manifest normalize-path@^3.0.0
438 silly packumentCache full:https://registry.npmjs.org/normalize-path cache-miss
439 http fetch GET 200 https://registry.npmjs.org/dlv 233ms (cache miss)
440 silly packumentCache full:https://registry.npmjs.org/dlv set size:undefined disposed:false
441 silly fetch manifest postcss-import@^15.1.0
442 silly packumentCache full:https://registry.npmjs.org/postcss-import cache-miss
443 http fetch GET 200 https://registry.npmjs.org/resolve 267ms (cache miss)
444 silly packumentCache full:https://registry.npmjs.org/resolve set size:undefined disposed:false
445 silly fetch manifest postcss-nested@^6.2.0
446 silly packumentCache full:https://registry.npmjs.org/postcss-nested cache-miss
447 http fetch GET 200 https://registry.npmjs.org/chokidar 230ms (cache miss)
448 silly packumentCache full:https://registry.npmjs.org/chokidar set size:undefined disposed:false
449 silly fetch manifest @alloc/quick-lru@^5.2.0
450 silly packumentCache full:https://registry.npmjs.org/@alloc%2fquick-lru cache-miss
451 http fetch GET 200 https://registry.npmjs.org/sucrase 246ms (cache miss)
452 silly packumentCache full:https://registry.npmjs.org/sucrase set size:undefined disposed:false
453 silly fetch manifest postcss-load-config@^4.0.2 || ^5.0 || ^6.0
454 silly packumentCache full:https://registry.npmjs.org/postcss-load-config cache-miss
455 http fetch GET 200 https://registry.npmjs.org/lilconfig 241ms (cache miss)
456 silly packumentCache full:https://registry.npmjs.org/lilconfig set size:undefined disposed:false
457 silly fetch manifest postcss-selector-parser@^6.1.2
458 silly packumentCache full:https://registry.npmjs.org/postcss-selector-parser cache-miss
459 http fetch GET 200 https://registry.npmjs.org/didyoumean 231ms (cache miss)
460 silly packumentCache full:https://registry.npmjs.org/didyoumean set size:undefined disposed:false
461 silly fetch manifest @typescript-eslint/utils@8.58.2
462 silly packumentCache full:https://registry.npmjs.org/@typescript-eslint%2futils cache-miss
463 http fetch GET 200 https://registry.npmjs.org/fast-glob 273ms (cache miss)
464 silly packumentCache full:https://registry.npmjs.org/fast-glob set size:undefined disposed:false
465 silly fetch manifest @typescript-eslint/parser@8.58.2
466 silly packumentCache full:https://registry.npmjs.org/@typescript-eslint%2fparser cache-miss
467 http fetch GET 200 https://registry.npmjs.org/postcss-js 237ms (cache miss)
468 silly packumentCache full:https://registry.npmjs.org/postcss-js set size:undefined disposed:false
469 silly fetch manifest @typescript-eslint/eslint-plugin@8.58.2
470 silly packumentCache full:https://registry.npmjs.org/@typescript-eslint%2feslint-plugin cache-miss
471 http fetch GET 200 https://registry.npmjs.org/object-hash 239ms (cache miss)
472 silly packumentCache full:https://registry.npmjs.org/object-hash set size:undefined disposed:false
473 silly fetch manifest @typescript-eslint/typescript-estree@8.58.2
474 silly packumentCache full:https://registry.npmjs.org/@typescript-eslint%2ftypescript-estree cache-miss
475 http fetch GET 200 https://registry.npmjs.org/micromatch 266ms (cache miss)
476 silly packumentCache full:https://registry.npmjs.org/micromatch set size:undefined disposed:false
477 silly fetch manifest use-sync-external-store@^1.2.2
478 silly packumentCache full:https://registry.npmjs.org/use-sync-external-store cache-miss
479 http fetch GET 200 https://registry.npmjs.org/normalize-path 242ms (cache miss)
480 silly packumentCache full:https://registry.npmjs.org/normalize-path set size:undefined disposed:false
481 http fetch GET 200 https://registry.npmjs.org/postcss-import 241ms (cache miss)
482 silly packumentCache full:https://registry.npmjs.org/postcss-import set size:undefined disposed:false
483 http fetch GET 200 https://registry.npmjs.org/@alloc%2fquick-lru 239ms (cache miss)
484 silly packumentCache full:https://registry.npmjs.org/@alloc%2fquick-lru set size:undefined disposed:false
485 http fetch GET 200 https://registry.npmjs.org/postcss-nested 253ms (cache miss)
486 silly packumentCache full:https://registry.npmjs.org/postcss-nested set size:undefined disposed:false
487 http fetch GET 200 https://registry.npmjs.org/postcss-load-config 241ms (cache miss)
488 silly packumentCache full:https://registry.npmjs.org/postcss-load-config set size:undefined disposed:false
489 http fetch GET 200 https://registry.npmjs.org/postcss-selector-parser 233ms (cache miss)
490 silly packumentCache full:https://registry.npmjs.org/postcss-selector-parser set size:undefined disposed:false
491 http fetch GET 200 https://registry.npmjs.org/@typescript-eslint%2futils 331ms (cache miss)
492 silly packumentCache full:https://registry.npmjs.org/@typescript-eslint%2futils set size:undefined disposed:false
493 http fetch GET 200 https://registry.npmjs.org/use-sync-external-store 875ms (cache miss)
494 silly packumentCache full:https://registry.npmjs.org/use-sync-external-store set size:undefined disposed:false
495 http fetch GET 200 https://registry.npmjs.org/@typescript-eslint%2feslint-plugin 1153ms (cache miss)
496 silly packumentCache full:https://registry.npmjs.org/@typescript-eslint%2feslint-plugin set size:undefined disposed:false
497 http fetch GET 200 https://registry.npmjs.org/@typescript-eslint%2fparser 1301ms (cache miss)
498 silly packumentCache full:https://registry.npmjs.org/@typescript-eslint%2fparser set size:undefined disposed:false
499 http fetch GET 200 https://registry.npmjs.org/@typescript-eslint%2ftypescript-estree 1388ms (cache miss)
500 silly packumentCache full:https://registry.npmjs.org/@typescript-eslint%2ftypescript-estree set size:undefined disposed:false
501 silly fetch manifest react@>=16.8.0
502 silly packumentCache full:https://registry.npmjs.org/react cache-miss
503 http cache https://registry.npmjs.org/react 16ms (cache hit)
504 silly packumentCache full:https://registry.npmjs.org/react set size:6613874 disposed:false
505 silly placeDep ROOT @dnd-kit/accessibility@3.1.1 OK for: @dnd-kit/core@6.3.1 want: ^3.1.1
506 silly placeDep ROOT tslib@2.8.1 OK for: @dnd-kit/core@6.3.1 want: ^2.0.0
507 silly placeDep ROOT @types/prop-types@15.7.15 OK for: @types/react@18.3.28 want: *
508 silly placeDep ROOT csstype@3.2.3 OK for: @types/react@18.3.28 want: ^3.2.2
509 silly placeDep ROOT @babel/core@7.29.0 OK for: @vitejs/plugin-react@4.7.0 want: ^7.28.0
510 silly placeDep ROOT @babel/plugin-transform-react-jsx-self@7.27.1 OK for: @vitejs/plugin-react@4.7.0 want: ^7.27.1
511 silly placeDep ROOT @babel/plugin-transform-react-jsx-source@7.27.1 OK for: @vitejs/plugin-react@4.7.0 want: ^7.27.1
512 silly placeDep ROOT @rolldown/pluginutils@1.0.0-beta.27 OK for: @vitejs/plugin-react@4.7.0 want: 1.0.0-beta.27
513 silly placeDep ROOT @types/babel__core@7.20.5 OK for: @vitejs/plugin-react@4.7.0 want: ^7.20.5
514 silly placeDep ROOT react-refresh@0.17.0 OK for: @vitejs/plugin-react@4.7.0 want: ^0.17.0
515 silly fetch manifest debug@^4.1.0
516 silly packumentCache full:https://registry.npmjs.org/debug cache-miss
517 silly fetch manifest json5@^2.2.3
518 silly packumentCache full:https://registry.npmjs.org/json5 cache-miss
519 silly fetch manifest semver@^6.3.1
520 silly packumentCache full:https://registry.npmjs.org/semver cache-miss
521 silly fetch manifest gensync@^1.0.0-beta.2
522 silly packumentCache full:https://registry.npmjs.org/gensync cache-miss
523 silly fetch manifest @babel/types@^7.29.0
524 silly packumentCache full:https://registry.npmjs.org/@babel%2ftypes cache-miss
525 silly fetch manifest @babel/parser@^7.29.0
526 silly packumentCache full:https://registry.npmjs.org/@babel%2fparser cache-miss
527 silly fetch manifest @babel/helpers@^7.28.6
528 silly packumentCache full:https://registry.npmjs.org/@babel%2fhelpers cache-miss
529 silly fetch manifest @babel/template@^7.28.6
530 silly packumentCache full:https://registry.npmjs.org/@babel%2ftemplate cache-miss
531 silly fetch manifest @babel/traverse@^7.29.0
532 silly packumentCache full:https://registry.npmjs.org/@babel%2ftraverse cache-miss
533 silly fetch manifest @babel/generator@^7.29.0
534 silly packumentCache full:https://registry.npmjs.org/@babel%2fgenerator cache-miss
535 silly fetch manifest @babel/code-frame@^7.29.0
536 silly packumentCache full:https://registry.npmjs.org/@babel%2fcode-frame cache-miss
537 http cache https://registry.npmjs.org/debug 18ms (cache hit)
538 silly packumentCache full:https://registry.npmjs.org/debug set size:195840 disposed:false
539 silly fetch manifest convert-source-map@^2.0.0
540 silly packumentCache full:https://registry.npmjs.org/convert-source-map cache-miss
541 http fetch GET 200 https://registry.npmjs.org/@babel%2fgenerator 260ms (cache miss)
542 silly packumentCache full:https://registry.npmjs.org/@babel%2fgenerator set size:undefined disposed:false
543 silly fetch manifest @jridgewell/remapping@^2.3.5
544 silly packumentCache full:https://registry.npmjs.org/@jridgewell%2fremapping cache-miss
545 http fetch GET 200 https://registry.npmjs.org/semver 273ms (cache miss)
546 silly packumentCache full:https://registry.npmjs.org/semver set size:undefined disposed:false
547 silly fetch manifest @babel/helper-module-transforms@^7.28.6
548 silly packumentCache full:https://registry.npmjs.org/@babel%2fhelper-module-transforms cache-miss
549 http fetch GET 200 https://registry.npmjs.org/gensync 279ms (cache miss)
550 silly packumentCache full:https://registry.npmjs.org/gensync set size:undefined disposed:false
551 silly fetch manifest @babel/helper-compilation-targets@^7.28.6
552 silly packumentCache full:https://registry.npmjs.org/@babel%2fhelper-compilation-targets cache-miss
553 http fetch GET 200 https://registry.npmjs.org/convert-source-map 263ms (cache miss)
554 silly packumentCache full:https://registry.npmjs.org/convert-source-map set size:undefined disposed:false
555 silly fetch manifest @babel/helper-plugin-utils@^7.27.1
556 silly packumentCache full:https://registry.npmjs.org/@babel%2fhelper-plugin-utils cache-miss
557 http fetch GET 200 https://registry.npmjs.org/json5 288ms (cache miss)
558 silly packumentCache full:https://registry.npmjs.org/json5 set size:undefined disposed:false
559 silly fetch manifest @babel/helper-plugin-utils@^7.27.1
560 silly packumentCache full:https://registry.npmjs.org/@babel%2fhelper-plugin-utils cache-miss
561 http fetch GET 200 https://registry.npmjs.org/@babel%2fcode-frame 286ms (cache miss)
562 silly packumentCache full:https://registry.npmjs.org/@babel%2fcode-frame set size:undefined disposed:false
563 silly fetch manifest @babel/types@^7.20.7
564 silly packumentCache full:https://registry.npmjs.org/@babel%2ftypes cache-miss
565 http fetch GET 200 https://registry.npmjs.org/@babel%2ftemplate 295ms (cache miss)
566 silly packumentCache full:https://registry.npmjs.org/@babel%2ftemplate set size:undefined disposed:false
567 silly fetch manifest @babel/parser@^7.20.7
568 silly packumentCache full:https://registry.npmjs.org/@babel%2fparser cache-miss
569 http fetch GET 200 https://registry.npmjs.org/@babel%2fhelpers 303ms (cache miss)
570 silly packumentCache full:https://registry.npmjs.org/@babel%2fhelpers set size:undefined disposed:false
571 silly fetch manifest @types/babel__template@*
572 silly packumentCache full:https://registry.npmjs.org/@types%2fbabel__template cache-miss
573 http fetch GET 200 https://registry.npmjs.org/@babel%2ftraverse 308ms (cache miss)
574 silly packumentCache full:https://registry.npmjs.org/@babel%2ftraverse set size:undefined disposed:false
575 silly fetch manifest @types/babel__traverse@*
576 silly packumentCache full:https://registry.npmjs.org/@types%2fbabel__traverse cache-miss
577 http fetch GET 200 https://registry.npmjs.org/@babel%2fparser 316ms (cache miss)
578 silly packumentCache full:https://registry.npmjs.org/@babel%2fparser set size:undefined disposed:false
579 silly fetch manifest @types/babel__generator@*
580 silly packumentCache full:https://registry.npmjs.org/@types%2fbabel__generator cache-miss
581 http fetch GET 200 https://registry.npmjs.org/@babel%2ftypes 327ms (cache miss)
582 silly packumentCache full:https://registry.npmjs.org/@babel%2ftypes set size:undefined disposed:false
583 http fetch GET 200 https://registry.npmjs.org/@babel%2fhelper-module-transforms 240ms (cache miss)
584 silly packumentCache full:https://registry.npmjs.org/@babel%2fhelper-module-transforms set size:undefined disposed:false
585 http fetch GET 200 https://registry.npmjs.org/@jridgewell%2fremapping 258ms (cache miss)
586 silly packumentCache full:https://registry.npmjs.org/@jridgewell%2fremapping set size:undefined disposed:false
587 http fetch GET 200 https://registry.npmjs.org/@babel%2fhelper-compilation-targets 248ms (cache miss)
588 silly packumentCache full:https://registry.npmjs.org/@babel%2fhelper-compilation-targets set size:undefined disposed:false
589 http fetch GET 200 https://registry.npmjs.org/@babel%2fhelper-plugin-utils 252ms (cache miss)
590 silly packumentCache full:https://registry.npmjs.org/@babel%2fhelper-plugin-utils set size:undefined disposed:false
591 http fetch GET 200 https://registry.npmjs.org/@types%2fbabel__traverse 241ms (cache miss)
592 silly packumentCache full:https://registry.npmjs.org/@types%2fbabel__traverse set size:undefined disposed:false
593 http fetch GET 200 https://registry.npmjs.org/@types%2fbabel__generator 249ms (cache miss)
594 silly packumentCache full:https://registry.npmjs.org/@types%2fbabel__generator set size:undefined disposed:false
595 http fetch GET 200 https://registry.npmjs.org/@types%2fbabel__template 268ms (cache miss)
596 silly packumentCache full:https://registry.npmjs.org/@types%2fbabel__template set size:undefined disposed:false
597 http fetch GET 200 https://registry.npmjs.org/@babel%2fhelper-plugin-utils 308ms (cache miss)
598 silly packumentCache full:https://registry.npmjs.org/@babel%2fhelper-plugin-utils set size:undefined disposed:false
599 http fetch GET 200 https://registry.npmjs.org/@babel%2ftypes 301ms (cache miss)
600 silly packumentCache full:https://registry.npmjs.org/@babel%2ftypes set size:undefined disposed:false
601 http fetch GET 200 https://registry.npmjs.org/@babel%2fparser 300ms (cache miss)
602 silly packumentCache full:https://registry.npmjs.org/@babel%2fparser set size:undefined disposed:false
603 silly fetch manifest @babel/core@^7.0.0
604 silly packumentCache full:https://registry.npmjs.org/@babel%2fcore cache-miss
605 http cache https://registry.npmjs.org/@babel%2fcore 10ms (cache hit)
606 silly packumentCache full:https://registry.npmjs.org/@babel%2fcore set size:760113 disposed:false
607 silly placeDep ROOT @babel/code-frame@7.29.0 OK for: @babel/core@7.29.0 want: ^7.29.0
608 silly placeDep ROOT @babel/generator@7.29.1 OK for: @babel/core@7.29.0 want: ^7.29.0
609 silly placeDep ROOT @babel/helper-compilation-targets@7.28.6 OK for: @babel/core@7.29.0 want: ^7.28.6
610 silly placeDep ROOT @babel/helper-module-transforms@7.28.6 OK for: @babel/core@7.29.0 want: ^7.28.6
611 silly placeDep ROOT @babel/helpers@7.29.2 OK for: @babel/core@7.29.0 want: ^7.28.6
612 silly placeDep ROOT @babel/parser@7.29.2 OK for: @babel/core@7.29.0 want: ^7.29.0
613 silly placeDep ROOT @babel/template@7.28.6 OK for: @babel/core@7.29.0 want: ^7.28.6
614 silly placeDep ROOT @babel/traverse@7.29.0 OK for: @babel/core@7.29.0 want: ^7.29.0
615 silly placeDep ROOT @babel/types@7.29.0 OK for: @babel/core@7.29.0 want: ^7.29.0
616 silly placeDep ROOT @jridgewell/remapping@2.3.5 OK for: @babel/core@7.29.0 want: ^2.3.5
617 silly placeDep ROOT convert-source-map@2.0.0 OK for: @babel/core@7.29.0 want: ^2.0.0
618 silly placeDep ROOT debug@4.4.3 OK for: @babel/core@7.29.0 want: ^4.1.0
619 silly placeDep ROOT gensync@1.0.0-beta.2 OK for: @babel/core@7.29.0 want: ^1.0.0-beta.2
620 silly placeDep ROOT json5@2.2.3 OK for: @babel/core@7.29.0 want: ^2.2.3
621 silly placeDep ROOT semver@6.3.1 OK for: @babel/core@7.29.0 want: ^6.3.1
622 silly fetch manifest js-tokens@^4.0.0
623 silly packumentCache full:https://registry.npmjs.org/js-tokens cache-miss
624 silly fetch manifest @babel/helper-validator-identifier@^7.28.5
625 silly packumentCache full:https://registry.npmjs.org/@babel%2fhelper-validator-identifier cache-miss
626 silly fetch manifest jsesc@^3.0.2
627 silly packumentCache full:https://registry.npmjs.org/jsesc cache-miss
628 silly fetch manifest @jridgewell/gen-mapping@^0.3.12
629 silly packumentCache full:https://registry.npmjs.org/@jridgewell%2fgen-mapping cache-miss
630 silly fetch manifest @jridgewell/trace-mapping@^0.3.28
631 silly packumentCache full:https://registry.npmjs.org/@jridgewell%2ftrace-mapping cache-miss
632 silly fetch manifest lru-cache@^5.1.1
633 silly packumentCache full:https://registry.npmjs.org/lru-cache cache-miss
634 silly fetch manifest browserslist@^4.24.0
635 silly packumentCache full:https://registry.npmjs.org/browserslist cache-miss
636 silly fetch manifest @babel/compat-data@^7.28.6
637 silly packumentCache full:https://registry.npmjs.org/@babel%2fcompat-data cache-miss
638 silly fetch manifest @babel/helper-validator-option@^7.27.1
639 silly packumentCache full:https://registry.npmjs.org/@babel%2fhelper-validator-option cache-miss
640 silly fetch manifest @babel/traverse@^7.28.6
641 silly packumentCache full:https://registry.npmjs.org/@babel%2ftraverse cache-miss
642 silly fetch manifest @babel/helper-module-imports@^7.28.6
643 silly packumentCache full:https://registry.npmjs.org/@babel%2fhelper-module-imports cache-miss
644 http cache https://registry.npmjs.org/browserslist 13ms (cache hit)
645 silly packumentCache full:https://registry.npmjs.org/browserslist set size:504681 disposed:false
646 silly fetch manifest @babel/helper-validator-identifier@^7.28.5
647 silly packumentCache full:https://registry.npmjs.org/@babel%2fhelper-validator-identifier cache-miss
648 http cache https://registry.npmjs.org/@babel%2ftraverse 21ms (cache hit)
649 silly packumentCache full:https://registry.npmjs.org/@babel%2ftraverse set size:548722 disposed:false
650 silly fetch manifest @babel/types@^7.28.6
651 silly packumentCache full:https://registry.npmjs.org/@babel%2ftypes cache-miss
652 http cache https://registry.npmjs.org/@babel%2ftypes 15ms (cache hit)
653 silly packumentCache full:https://registry.npmjs.org/@babel%2ftypes set size:487885 disposed:false
654 silly fetch manifest debug@^4.3.1
655 silly packumentCache full:https://registry.npmjs.org/debug cache-hit
656 silly fetch manifest @babel/helper-globals@^7.28.0
657 silly packumentCache full:https://registry.npmjs.org/@babel%2fhelper-globals cache-miss
658 http fetch GET 200 https://registry.npmjs.org/js-tokens 235ms (cache miss)
659 silly packumentCache full:https://registry.npmjs.org/js-tokens set size:undefined disposed:false
660 silly fetch manifest @babel/helper-string-parser@^7.27.1
661 silly packumentCache full:https://registry.npmjs.org/@babel%2fhelper-string-parser cache-miss
662 http fetch GET 200 https://registry.npmjs.org/jsesc 240ms (cache miss)
663 silly packumentCache full:https://registry.npmjs.org/jsesc set size:undefined disposed:false
664 silly fetch manifest @babel/helper-validator-identifier@^7.28.5
665 silly packumentCache full:https://registry.npmjs.org/@babel%2fhelper-validator-identifier cache-miss
666 http fetch GET 200 https://registry.npmjs.org/@babel%2fhelper-validator-identifier 248ms (cache miss)
667 silly packumentCache full:https://registry.npmjs.org/@babel%2fhelper-validator-identifier set size:undefined disposed:false
668 silly fetch manifest @jridgewell/gen-mapping@^0.3.5
669 silly packumentCache full:https://registry.npmjs.org/@jridgewell%2fgen-mapping cache-miss
670 http fetch GET 200 https://registry.npmjs.org/lru-cache 249ms (cache miss)
671 silly packumentCache full:https://registry.npmjs.org/lru-cache set size:undefined disposed:false
672 silly fetch manifest @jridgewell/trace-mapping@^0.3.24
673 silly packumentCache full:https://registry.npmjs.org/@jridgewell%2ftrace-mapping cache-miss
674 http fetch GET 200 https://registry.npmjs.org/@babel%2fcompat-data 260ms (cache miss)
675 silly packumentCache full:https://registry.npmjs.org/@babel%2fcompat-data set size:undefined disposed:false
676 silly fetch manifest ms@^2.1.3
677 silly packumentCache full:https://registry.npmjs.org/ms cache-miss
678 http fetch GET 200 https://registry.npmjs.org/@jridgewell%2fgen-mapping 269ms (cache miss)
679 silly packumentCache full:https://registry.npmjs.org/@jridgewell%2fgen-mapping set size:undefined disposed:false
680 http fetch GET 200 https://registry.npmjs.org/@babel%2fhelper-validator-option 277ms (cache miss)
681 silly packumentCache full:https://registry.npmjs.org/@babel%2fhelper-validator-option set size:undefined disposed:false
682 http fetch GET 200 https://registry.npmjs.org/@babel%2fhelper-module-imports 278ms (cache miss)
683 silly packumentCache full:https://registry.npmjs.org/@babel%2fhelper-module-imports set size:undefined disposed:false
684 http fetch GET 200 https://registry.npmjs.org/@jridgewell%2ftrace-mapping 285ms (cache miss)
685 silly packumentCache full:https://registry.npmjs.org/@jridgewell%2ftrace-mapping set size:undefined disposed:false
686 http fetch GET 200 https://registry.npmjs.org/@babel%2fhelper-globals 247ms (cache miss)
687 silly packumentCache full:https://registry.npmjs.org/@babel%2fhelper-globals set size:undefined disposed:false
688 http fetch GET 200 https://registry.npmjs.org/@babel%2fhelper-validator-identifier 295ms (cache miss)
689 silly packumentCache full:https://registry.npmjs.org/@babel%2fhelper-validator-identifier set size:undefined disposed:false
690 http fetch GET 200 https://registry.npmjs.org/@babel%2fhelper-string-parser 236ms (cache miss)
691 silly packumentCache full:https://registry.npmjs.org/@babel%2fhelper-string-parser set size:undefined disposed:false
692 http fetch GET 200 https://registry.npmjs.org/ms 224ms (cache miss)
693 silly packumentCache full:https://registry.npmjs.org/ms set size:undefined disposed:false
694 http fetch GET 200 https://registry.npmjs.org/@babel%2fhelper-validator-identifier 299ms (cache miss)
695 silly packumentCache full:https://registry.npmjs.org/@babel%2fhelper-validator-identifier set size:undefined disposed:false
696 http fetch GET 200 https://registry.npmjs.org/@jridgewell%2ftrace-mapping 289ms (cache miss)
697 silly packumentCache full:https://registry.npmjs.org/@jridgewell%2ftrace-mapping set size:undefined disposed:false
698 http fetch GET 200 https://registry.npmjs.org/@jridgewell%2fgen-mapping 298ms (cache miss)
699 silly packumentCache full:https://registry.npmjs.org/@jridgewell%2fgen-mapping set size:undefined disposed:false
700 silly placeDep ROOT @babel/helper-validator-identifier@7.28.5 OK for: @babel/code-frame@7.29.0 want: ^7.28.5
701 silly placeDep ROOT js-tokens@4.0.0 OK for: @babel/code-frame@7.29.0 want: ^4.0.0
702 silly placeDep ROOT picocolors@1.1.1 OK for: @babel/code-frame@7.29.0 want: ^1.1.1
703 silly placeDep ROOT @jridgewell/gen-mapping@0.3.13 OK for: @babel/generator@7.29.1 want: ^0.3.12
704 silly placeDep ROOT @jridgewell/trace-mapping@0.3.31 OK for: @babel/generator@7.29.1 want: ^0.3.28
705 silly placeDep ROOT jsesc@3.1.0 OK for: @babel/generator@7.29.1 want: ^3.0.2
706 silly fetch manifest @jridgewell/sourcemap-codec@^1.5.0
707 silly packumentCache full:https://registry.npmjs.org/@jridgewell%2fsourcemap-codec cache-miss
708 silly fetch manifest @jridgewell/resolve-uri@^3.1.0
709 silly packumentCache full:https://registry.npmjs.org/@jridgewell%2fresolve-uri cache-miss
710 silly fetch manifest @jridgewell/sourcemap-codec@^1.4.14
711 silly packumentCache full:https://registry.npmjs.org/@jridgewell%2fsourcemap-codec cache-miss
712 http fetch GET 200 https://registry.npmjs.org/@jridgewell%2fsourcemap-codec 236ms (cache miss)
713 silly packumentCache full:https://registry.npmjs.org/@jridgewell%2fsourcemap-codec set size:undefined disposed:false
714 http fetch GET 200 https://registry.npmjs.org/@jridgewell%2fresolve-uri 251ms (cache miss)
715 silly packumentCache full:https://registry.npmjs.org/@jridgewell%2fresolve-uri set size:undefined disposed:false
716 http fetch GET 200 https://registry.npmjs.org/@jridgewell%2fsourcemap-codec 278ms (cache miss)
717 silly packumentCache full:https://registry.npmjs.org/@jridgewell%2fsourcemap-codec set size:undefined disposed:false
718 silly placeDep ROOT @babel/compat-data@7.29.0 OK for: @babel/helper-compilation-targets@7.28.6 want: ^7.28.6
719 silly placeDep ROOT @babel/helper-validator-option@7.27.1 OK for: @babel/helper-compilation-targets@7.28.6 want: ^7.27.1
720 silly placeDep ROOT browserslist@4.28.2 OK for: @babel/helper-compilation-targets@7.28.6 want: ^4.24.0
721 silly placeDep ROOT lru-cache@5.1.1 OK for: @babel/helper-compilation-targets@7.28.6 want: ^5.1.1
722 silly fetch manifest baseline-browser-mapping@^2.10.12
723 silly packumentCache full:https://registry.npmjs.org/baseline-browser-mapping cache-miss
724 silly fetch manifest caniuse-lite@^1.0.30001782
725 silly packumentCache full:https://registry.npmjs.org/caniuse-lite cache-miss
726 silly fetch manifest electron-to-chromium@^1.5.328
727 silly packumentCache full:https://registry.npmjs.org/electron-to-chromium cache-miss
728 silly fetch manifest node-releases@^2.0.36
729 silly packumentCache full:https://registry.npmjs.org/node-releases cache-miss
730 silly fetch manifest update-browserslist-db@^1.2.3
731 silly packumentCache full:https://registry.npmjs.org/update-browserslist-db cache-miss
732 silly fetch manifest yallist@^3.0.2
733 silly packumentCache full:https://registry.npmjs.org/yallist cache-miss
734 http cache https://registry.npmjs.org/caniuse-lite 16ms (cache hit)
735 silly packumentCache full:https://registry.npmjs.org/caniuse-lite set size:2285165 disposed:false
736 http fetch GET 200 https://registry.npmjs.org/yallist 225ms (cache miss)
737 silly packumentCache full:https://registry.npmjs.org/yallist set size:undefined disposed:false
738 http fetch GET 200 https://registry.npmjs.org/baseline-browser-mapping 237ms (cache miss)
739 silly packumentCache full:https://registry.npmjs.org/baseline-browser-mapping set size:undefined disposed:false
740 http fetch GET 200 https://registry.npmjs.org/update-browserslist-db 240ms (cache miss)
741 silly packumentCache full:https://registry.npmjs.org/update-browserslist-db set size:undefined disposed:false
742 http fetch GET 200 https://registry.npmjs.org/node-releases 243ms (cache miss)
743 silly packumentCache full:https://registry.npmjs.org/node-releases set size:undefined disposed:false
744 http fetch GET 200 https://registry.npmjs.org/electron-to-chromium 829ms (cache miss)
745 silly packumentCache full:https://registry.npmjs.org/electron-to-chromium set size:undefined disposed:false
746 silly placeDep ROOT @babel/helper-module-imports@7.28.6 OK for: @babel/helper-module-transforms@7.28.6 want: ^7.28.6
747 silly placeDep ROOT @babel/helper-plugin-utils@7.28.6 OK for: @babel/plugin-transform-react-jsx-self@7.27.1 want: ^7.27.1
748 silly placeDep ROOT @babel/helper-globals@7.28.0 OK for: @babel/traverse@7.29.0 want: ^7.28.0
749 silly placeDep ROOT @babel/helper-string-parser@7.27.1 OK for: @babel/types@7.29.0 want: ^7.27.1
750 silly placeDep ROOT @jridgewell/sourcemap-codec@1.5.5 OK for: @jridgewell/gen-mapping@0.3.13 want: ^1.5.0
751 silly placeDep ROOT @jridgewell/resolve-uri@3.1.2 OK for: @jridgewell/trace-mapping@0.3.31 want: ^3.1.0
752 silly placeDep ROOT @types/babel__generator@7.27.0 OK for: @types/babel__core@7.20.5 want: *
753 silly placeDep ROOT @types/babel__template@7.4.4 OK for: @types/babel__core@7.20.5 want: *
754 silly placeDep ROOT @types/babel__traverse@7.28.0 OK for: @types/babel__core@7.20.5 want: *
755 silly placeDep ROOT caniuse-lite@1.0.30001788 OK for: autoprefixer@10.5.0 want: ^1.0.30001787
756 silly placeDep ROOT fraction.js@5.3.4 OK for: autoprefixer@10.5.0 want: ^5.3.4
757 silly placeDep ROOT postcss-value-parser@4.2.0 OK for: autoprefixer@10.5.0 want: ^4.2.0
758 silly fetch manifest browserslist@>= 4.21.0
759 silly packumentCache full:https://registry.npmjs.org/browserslist cache-hit
760 silly placeDep ROOT baseline-browser-mapping@2.10.20 OK for: browserslist@4.28.2 want: ^2.10.12
761 silly placeDep ROOT electron-to-chromium@1.5.340 OK for: browserslist@4.28.2 want: ^1.5.328
762 silly placeDep ROOT node-releases@2.0.37 OK for: browserslist@4.28.2 want: ^2.0.36
763 silly placeDep ROOT update-browserslist-db@1.2.3 OK for: browserslist@4.28.2 want: ^1.2.3
764 silly fetch manifest escalade@^3.2.0
765 silly packumentCache full:https://registry.npmjs.org/escalade cache-miss
766 http fetch GET 200 https://registry.npmjs.org/escalade 241ms (cache miss)
767 silly packumentCache full:https://registry.npmjs.org/escalade set size:undefined disposed:false
768 silly placeDep ROOT ms@2.1.3 OK for: debug@4.4.3 want: ^2.1.3
769 silly fetch manifest eslint@^6.0.0 || ^7.0.0 || >=8.0.0
770 silly packumentCache full:https://registry.npmjs.org/eslint cache-miss
771 http cache https://registry.npmjs.org/eslint 9ms (cache hit)
772 silly packumentCache full:https://registry.npmjs.org/eslint set size:1983515 disposed:false
773 silly placeDep ROOT @eslint-community/eslint-utils@4.9.1 OK for: eslint@9.39.4 want: ^4.8.0
774 silly placeDep ROOT @eslint-community/regexpp@4.12.2 OK for: eslint@9.39.4 want: ^4.12.1
775 silly placeDep ROOT @eslint/config-array@0.21.2 OK for: eslint@9.39.4 want: ^0.21.2
776 silly placeDep ROOT @eslint/config-helpers@0.4.2 OK for: eslint@9.39.4 want: ^0.4.2
777 silly placeDep ROOT @eslint/core@0.17.0 OK for: eslint@9.39.4 want: ^0.17.0
778 silly placeDep ROOT @eslint/eslintrc@3.3.5 OK for: eslint@9.39.4 want: ^3.3.5
779 silly placeDep ROOT @eslint/plugin-kit@0.4.1 OK for: eslint@9.39.4 want: ^0.4.1
780 silly placeDep ROOT @humanfs/node@0.16.8 OK for: eslint@9.39.4 want: ^0.16.6
781 silly placeDep ROOT @humanwhocodes/module-importer@1.0.1 OK for: eslint@9.39.4 want: ^1.0.1
782 silly placeDep ROOT @humanwhocodes/retry@0.4.3 OK for: eslint@9.39.4 want: ^0.4.2
783 silly placeDep ROOT @types/estree@1.0.8 OK for: eslint@9.39.4 want: ^1.0.6
784 silly placeDep ROOT ajv@6.14.0 OK for: eslint@9.39.4 want: ^6.14.0
785 silly placeDep ROOT chalk@4.1.2 OK for: eslint@9.39.4 want: ^4.0.0
786 silly placeDep ROOT cross-spawn@7.0.6 OK for: eslint@9.39.4 want: ^7.0.6
787 silly placeDep ROOT escape-string-regexp@4.0.0 OK for: eslint@9.39.4 want: ^4.0.0
788 silly placeDep ROOT eslint-scope@8.4.0 OK for: eslint@9.39.4 want: ^8.4.0
789 silly placeDep ROOT eslint-visitor-keys@4.2.1 OK for: eslint@9.39.4 want: ^4.2.1
790 silly placeDep ROOT espree@10.4.0 OK for: eslint@9.39.4 want: ^10.4.0
791 silly placeDep ROOT esquery@1.7.0 OK for: eslint@9.39.4 want: ^1.5.0
792 silly placeDep ROOT esutils@2.0.3 OK for: eslint@9.39.4 want: ^2.0.2
793 silly placeDep ROOT fast-deep-equal@3.1.3 OK for: eslint@9.39.4 want: ^3.1.3
794 silly placeDep ROOT file-entry-cache@8.0.0 OK for: eslint@9.39.4 want: ^8.0.0
795 silly placeDep ROOT find-up@5.0.0 OK for: eslint@9.39.4 want: ^5.0.0
796 silly placeDep ROOT glob-parent@6.0.2 OK for: eslint@9.39.4 want: ^6.0.2
797 silly placeDep ROOT ignore@5.3.2 OK for: eslint@9.39.4 want: ^5.2.0
798 silly placeDep ROOT imurmurhash@0.1.4 OK for: eslint@9.39.4 want: ^0.1.4
799 silly placeDep ROOT is-glob@4.0.3 OK for: eslint@9.39.4 want: ^4.0.0
800 silly placeDep ROOT json-stable-stringify-without-jsonify@1.0.1 OK for: eslint@9.39.4 want: ^1.0.1
801 silly placeDep ROOT lodash.merge@4.6.2 OK for: eslint@9.39.4 want: ^4.6.2
802 silly placeDep ROOT minimatch@3.1.5 OK for: eslint@9.39.4 want: ^3.1.5
803 silly placeDep ROOT natural-compare@1.4.0 OK for: eslint@9.39.4 want: ^1.4.0
804 silly placeDep ROOT optionator@0.9.4 OK for: eslint@9.39.4 want: ^0.9.3
805 silly fetch manifest eslint-visitor-keys@^3.4.3
806 silly packumentCache full:https://registry.npmjs.org/eslint-visitor-keys cache-miss
807 silly fetch manifest @eslint/object-schema@^2.1.7
808 silly packumentCache full:https://registry.npmjs.org/@eslint%2fobject-schema cache-miss
809 silly fetch manifest @types/json-schema@^7.0.15
810 silly packumentCache full:https://registry.npmjs.org/@types%2fjson-schema cache-miss
811 silly fetch manifest espree@^10.0.1
812 silly packumentCache full:https://registry.npmjs.org/espree cache-miss
813 silly fetch manifest globals@^14.0.0
814 silly packumentCache full:https://registry.npmjs.org/globals cache-miss
815 silly fetch manifest import-fresh@^3.2.1
816 silly packumentCache full:https://registry.npmjs.org/import-fresh cache-miss
817 silly fetch manifest js-yaml@^4.1.1
818 silly packumentCache full:https://registry.npmjs.org/js-yaml cache-miss
819 silly fetch manifest strip-json-comments@^3.1.1
820 silly packumentCache full:https://registry.npmjs.org/strip-json-comments cache-miss
821 silly fetch manifest levn@^0.4.1
822 silly packumentCache full:https://registry.npmjs.org/levn cache-miss
823 silly fetch manifest @humanwhocodes/retry@^0.4.0
824 silly packumentCache full:https://registry.npmjs.org/@humanwhocodes%2fretry cache-miss
825 silly fetch manifest @humanfs/core@^0.19.2
826 silly packumentCache full:https://registry.npmjs.org/@humanfs%2fcore cache-miss
827 http cache https://registry.npmjs.org/@humanwhocodes%2fretry 15ms (cache hit)
828 silly packumentCache full:https://registry.npmjs.org/@humanwhocodes%2fretry set size:42348 disposed:false
829 silly fetch manifest @humanfs/types@^0.15.0
830 silly packumentCache full:https://registry.npmjs.org/@humanfs%2ftypes cache-miss
831 http cache https://registry.npmjs.org/globals 21ms (cache hit)
832 silly packumentCache full:https://registry.npmjs.org/globals set size:312297 disposed:false
833 silly fetch manifest fast-deep-equal@^3.1.1
834 silly packumentCache full:https://registry.npmjs.org/fast-deep-equal cache-miss
835 http cache https://registry.npmjs.org/eslint-visitor-keys 27ms (cache hit)
836 silly packumentCache full:https://registry.npmjs.org/eslint-visitor-keys set size:69949 disposed:false
837 silly fetch manifest fast-json-stable-stringify@^2.0.0
838 silly packumentCache full:https://registry.npmjs.org/fast-json-stable-stringify cache-miss
839 http cache https://registry.npmjs.org/espree 28ms (cache hit)
840 silly packumentCache full:https://registry.npmjs.org/espree set size:326080 disposed:false
841 silly fetch manifest json-schema-traverse@^0.4.1
842 silly packumentCache full:https://registry.npmjs.org/json-schema-traverse cache-miss
843 http cache https://registry.npmjs.org/fast-deep-equal 14ms (cache hit)
844 silly packumentCache full:https://registry.npmjs.org/fast-deep-equal set size:48634 disposed:false
845 silly fetch manifest uri-js@^4.2.2
846 silly packumentCache full:https://registry.npmjs.org/uri-js cache-miss
847 http fetch GET 200 https://registry.npmjs.org/import-fresh 227ms (cache miss)
848 silly packumentCache full:https://registry.npmjs.org/import-fresh set size:undefined disposed:false
849 silly fetch manifest ansi-styles@^4.1.0
850 silly packumentCache full:https://registry.npmjs.org/ansi-styles cache-miss
851 http fetch GET 200 https://registry.npmjs.org/levn 230ms (cache miss)
852 silly packumentCache full:https://registry.npmjs.org/levn set size:undefined disposed:false
853 silly fetch manifest supports-color@^7.1.0
854 silly packumentCache full:https://registry.npmjs.org/supports-color cache-miss
855 http fetch GET 200 https://registry.npmjs.org/@types%2fjson-schema 248ms (cache miss)
856 silly packumentCache full:https://registry.npmjs.org/@types%2fjson-schema set size:undefined disposed:false
857 silly fetch manifest which@^2.0.1
858 silly packumentCache full:https://registry.npmjs.org/which cache-miss
859 http fetch GET 200 https://registry.npmjs.org/js-yaml 256ms (cache miss)
860 silly packumentCache full:https://registry.npmjs.org/js-yaml set size:undefined disposed:false
861 silly fetch manifest path-key@^3.1.0
862 silly packumentCache full:https://registry.npmjs.org/path-key cache-miss
863 http fetch GET 200 https://registry.npmjs.org/@eslint%2fobject-schema 263ms (cache miss)
864 silly packumentCache full:https://registry.npmjs.org/@eslint%2fobject-schema set size:undefined disposed:false
865 silly fetch manifest shebang-command@^2.0.0
866 silly packumentCache full:https://registry.npmjs.org/shebang-command cache-miss
867 http fetch GET 200 https://registry.npmjs.org/@humanfs%2fcore 264ms (cache miss)
868 silly packumentCache full:https://registry.npmjs.org/@humanfs%2fcore set size:undefined disposed:false
869 silly fetch manifest esrecurse@^4.3.0
870 silly packumentCache full:https://registry.npmjs.org/esrecurse cache-miss
871 http fetch GET 200 https://registry.npmjs.org/json-schema-traverse 242ms (cache miss)
872 silly packumentCache full:https://registry.npmjs.org/json-schema-traverse set size:undefined disposed:false
873 silly fetch manifest estraverse@^5.2.0
874 silly packumentCache full:https://registry.npmjs.org/estraverse cache-miss
875 http fetch GET 200 https://registry.npmjs.org/strip-json-comments 274ms (cache miss)
876 silly packumentCache full:https://registry.npmjs.org/strip-json-comments set size:undefined disposed:false
877 silly fetch manifest acorn@^8.15.0
878 silly packumentCache full:https://registry.npmjs.org/acorn cache-miss
879 http fetch GET 200 https://registry.npmjs.org/fast-json-stable-stringify 253ms (cache miss)
880 silly packumentCache full:https://registry.npmjs.org/fast-json-stable-stringify set size:undefined disposed:false
881 silly fetch manifest acorn-jsx@^5.3.2
882 silly packumentCache full:https://registry.npmjs.org/acorn-jsx cache-miss
883 http fetch GET 200 https://registry.npmjs.org/@humanfs%2ftypes 264ms (cache miss)
884 silly packumentCache full:https://registry.npmjs.org/@humanfs%2ftypes set size:undefined disposed:false
885 silly fetch manifest estraverse@^5.1.0
886 silly packumentCache full:https://registry.npmjs.org/estraverse cache-miss
887 http fetch GET 200 https://registry.npmjs.org/uri-js 248ms (cache miss)
888 silly packumentCache full:https://registry.npmjs.org/uri-js set size:undefined disposed:false
889 silly fetch manifest flat-cache@^4.0.0
890 silly packumentCache full:https://registry.npmjs.org/flat-cache cache-miss
891 http fetch GET 200 https://registry.npmjs.org/supports-color 229ms (cache miss)
892 silly packumentCache full:https://registry.npmjs.org/supports-color set size:undefined disposed:false
893 silly fetch manifest locate-path@^6.0.0
894 silly packumentCache full:https://registry.npmjs.org/locate-path cache-miss
895 http fetch GET 200 https://registry.npmjs.org/ansi-styles 249ms (cache miss)
896 silly packumentCache full:https://registry.npmjs.org/ansi-styles set size:undefined disposed:false
897 silly fetch manifest path-exists@^4.0.0
898 silly packumentCache full:https://registry.npmjs.org/path-exists cache-miss
899 http fetch GET 200 https://registry.npmjs.org/which 233ms (cache miss)
900 silly packumentCache full:https://registry.npmjs.org/which set size:undefined disposed:false
901 silly fetch manifest is-extglob@^2.1.1
902 silly packumentCache full:https://registry.npmjs.org/is-extglob cache-miss
903 http fetch GET 200 https://registry.npmjs.org/path-key 239ms (cache miss)
904 silly packumentCache full:https://registry.npmjs.org/path-key set size:undefined disposed:false
905 silly fetch manifest brace-expansion@^1.1.7
906 silly packumentCache full:https://registry.npmjs.org/brace-expansion cache-miss
907 http fetch GET 200 https://registry.npmjs.org/esrecurse 231ms (cache miss)
908 silly packumentCache full:https://registry.npmjs.org/esrecurse set size:undefined disposed:false
909 silly fetch manifest prelude-ls@^1.2.1
910 silly packumentCache full:https://registry.npmjs.org/prelude-ls cache-miss
911 http fetch GET 200 https://registry.npmjs.org/shebang-command 248ms (cache miss)
912 silly packumentCache full:https://registry.npmjs.org/shebang-command set size:undefined disposed:false
913 silly fetch manifest deep-is@^0.1.3
914 silly packumentCache full:https://registry.npmjs.org/deep-is cache-miss
915 http fetch GET 200 https://registry.npmjs.org/estraverse 241ms (cache miss)
916 silly packumentCache full:https://registry.npmjs.org/estraverse set size:undefined disposed:false
917 silly fetch manifest word-wrap@^1.2.5
918 silly packumentCache full:https://registry.npmjs.org/word-wrap cache-miss
919 http fetch GET 200 https://registry.npmjs.org/acorn-jsx 247ms (cache miss)
920 silly packumentCache full:https://registry.npmjs.org/acorn-jsx set size:undefined disposed:false
921 silly fetch manifest type-check@^0.4.0
922 silly packumentCache full:https://registry.npmjs.org/type-check cache-miss
923 http fetch GET 200 https://registry.npmjs.org/acorn 253ms (cache miss)
924 silly packumentCache full:https://registry.npmjs.org/acorn set size:undefined disposed:false
925 silly fetch manifest fast-levenshtein@^2.0.6
926 silly packumentCache full:https://registry.npmjs.org/fast-levenshtein cache-miss
927 http fetch GET 200 https://registry.npmjs.org/flat-cache 253ms (cache miss)
928 silly packumentCache full:https://registry.npmjs.org/flat-cache set size:undefined disposed:false
929 http fetch GET 200 https://registry.npmjs.org/estraverse 288ms (cache miss)
930 silly packumentCache full:https://registry.npmjs.org/estraverse set size:undefined disposed:false
931 http fetch GET 200 https://registry.npmjs.org/locate-path 218ms (cache miss)
932 silly packumentCache full:https://registry.npmjs.org/locate-path set size:undefined disposed:false
933 http fetch GET 200 https://registry.npmjs.org/path-exists 225ms (cache miss)
934 silly packumentCache full:https://registry.npmjs.org/path-exists set size:undefined disposed:false
935 http fetch GET 200 https://registry.npmjs.org/is-extglob 226ms (cache miss)
936 silly packumentCache full:https://registry.npmjs.org/is-extglob set size:undefined disposed:false
937 http fetch GET 200 https://registry.npmjs.org/prelude-ls 226ms (cache miss)
938 silly packumentCache full:https://registry.npmjs.org/prelude-ls set size:undefined disposed:false
939 http fetch GET 200 https://registry.npmjs.org/brace-expansion 241ms (cache miss)
940 silly packumentCache full:https://registry.npmjs.org/brace-expansion set size:undefined disposed:false
941 http fetch GET 200 https://registry.npmjs.org/deep-is 236ms (cache miss)
942 silly packumentCache full:https://registry.npmjs.org/deep-is set size:undefined disposed:false
943 http fetch GET 200 https://registry.npmjs.org/word-wrap 249ms (cache miss)
944 silly packumentCache full:https://registry.npmjs.org/word-wrap set size:undefined disposed:false
945 http fetch GET 200 https://registry.npmjs.org/type-check 238ms (cache miss)
946 silly packumentCache full:https://registry.npmjs.org/type-check set size:undefined disposed:false
947 http fetch GET 200 https://registry.npmjs.org/fast-levenshtein 241ms (cache miss)
948 silly packumentCache full:https://registry.npmjs.org/fast-levenshtein set size:undefined disposed:false
949 silly placeDep node_modules/@eslint-community/eslint-utils eslint-visitor-keys@3.4.3 OK for: @eslint-community/eslint-utils@4.9.1 want: ^3.4.3
950 silly placeDep ROOT @eslint/object-schema@2.1.7 OK for: @eslint/config-array@0.21.2 want: ^2.1.7
951 silly placeDep ROOT @types/json-schema@7.0.15 OK for: @eslint/core@0.17.0 want: ^7.0.15
952 silly placeDep node_modules/@eslint/eslintrc globals@14.0.0 OK for: @eslint/eslintrc@3.3.5 want: ^14.0.0
953 silly placeDep ROOT import-fresh@3.3.1 OK for: @eslint/eslintrc@3.3.5 want: ^3.2.1
954 silly placeDep ROOT js-yaml@4.1.1 OK for: @eslint/eslintrc@3.3.5 want: ^4.1.1
955 silly placeDep ROOT strip-json-comments@3.1.1 OK for: @eslint/eslintrc@3.3.5 want: ^3.1.1
956 silly fetch manifest resolve-from@^4.0.0
957 silly packumentCache full:https://registry.npmjs.org/resolve-from cache-miss
958 silly fetch manifest parent-module@^1.0.0
959 silly packumentCache full:https://registry.npmjs.org/parent-module cache-miss
960 silly fetch manifest argparse@^2.0.1
961 silly packumentCache full:https://registry.npmjs.org/argparse cache-miss
962 http fetch GET 200 https://registry.npmjs.org/resolve-from 224ms (cache miss)
963 silly packumentCache full:https://registry.npmjs.org/resolve-from set size:undefined disposed:false
964 http fetch GET 200 https://registry.npmjs.org/argparse 236ms (cache miss)
965 silly packumentCache full:https://registry.npmjs.org/argparse set size:undefined disposed:false
966 http fetch GET 200 https://registry.npmjs.org/parent-module 241ms (cache miss)
967 silly packumentCache full:https://registry.npmjs.org/parent-module set size:undefined disposed:false
968 silly placeDep ROOT levn@0.4.1 OK for: @eslint/plugin-kit@0.4.1 want: ^0.4.1
969 silly fetch manifest type-check@~0.4.0
970 silly packumentCache full:https://registry.npmjs.org/type-check cache-miss
971 http cache https://registry.npmjs.org/type-check 6ms (cache hit)
972 silly packumentCache full:https://registry.npmjs.org/type-check set size:21221 disposed:false
973 silly placeDep ROOT @humanfs/core@0.19.2 OK for: @humanfs/node@0.16.8 want: ^0.19.2
974 silly placeDep ROOT @humanfs/types@0.15.0 OK for: @humanfs/node@0.16.8 want: ^0.15.0
975 silly placeDep ROOT fast-json-stable-stringify@2.1.0 OK for: ajv@6.14.0 want: ^2.0.0
976 silly placeDep ROOT json-schema-traverse@0.4.1 OK for: ajv@6.14.0 want: ^0.4.1
977 silly placeDep ROOT uri-js@4.4.1 OK for: ajv@6.14.0 want: ^4.2.2
978 silly fetch manifest punycode@^2.1.0
979 silly packumentCache full:https://registry.npmjs.org/punycode cache-miss
980 http fetch GET 200 https://registry.npmjs.org/punycode 220ms (cache miss)
981 silly packumentCache full:https://registry.npmjs.org/punycode set size:undefined disposed:false
982 silly placeDep ROOT ansi-styles@4.3.0 OK for: chalk@4.1.2 want: ^4.1.0
983 silly placeDep ROOT supports-color@7.2.0 OK for: chalk@4.1.2 want: ^7.1.0
984 silly fetch manifest color-convert@^2.0.1
985 silly packumentCache full:https://registry.npmjs.org/color-convert cache-miss
986 silly fetch manifest has-flag@^4.0.0
987 silly packumentCache full:https://registry.npmjs.org/has-flag cache-miss
988 http fetch GET 200 https://registry.npmjs.org/color-convert 225ms (cache miss)
989 silly packumentCache full:https://registry.npmjs.org/color-convert set size:undefined disposed:false
990 http fetch GET 200 https://registry.npmjs.org/has-flag 234ms (cache miss)
991 silly packumentCache full:https://registry.npmjs.org/has-flag set size:undefined disposed:false
992 silly placeDep ROOT color-convert@2.0.1 OK for: ansi-styles@4.3.0 want: ^2.0.1
993 silly fetch manifest color-name@~1.1.4
994 silly packumentCache full:https://registry.npmjs.org/color-name cache-miss
995 http fetch GET 200 https://registry.npmjs.org/color-name 236ms (cache miss)
996 silly packumentCache full:https://registry.npmjs.org/color-name set size:undefined disposed:false
997 silly placeDep ROOT color-name@1.1.4 OK for: color-convert@2.0.1 want: ~1.1.4
998 silly placeDep ROOT path-key@3.1.1 OK for: cross-spawn@7.0.6 want: ^3.1.0
999 silly placeDep ROOT shebang-command@2.0.0 OK for: cross-spawn@7.0.6 want: ^2.0.0
1000 silly placeDep ROOT which@2.0.2 OK for: cross-spawn@7.0.6 want: ^2.0.1
1001 silly fetch manifest shebang-regex@^3.0.0
1002 silly packumentCache full:https://registry.npmjs.org/shebang-regex cache-miss
1003 silly fetch manifest isexe@^2.0.0
1004 silly packumentCache full:https://registry.npmjs.org/isexe cache-miss
1005 http fetch GET 200 https://registry.npmjs.org/isexe 226ms (cache miss)
1006 silly packumentCache full:https://registry.npmjs.org/isexe set size:undefined disposed:false
1007 http fetch GET 200 https://registry.npmjs.org/shebang-regex 238ms (cache miss)
1008 silly packumentCache full:https://registry.npmjs.org/shebang-regex set size:undefined disposed:false
1009 silly placeDep ROOT esrecurse@4.3.0 OK for: eslint-scope@8.4.0 want: ^4.3.0
1010 silly placeDep ROOT estraverse@5.3.0 OK for: eslint-scope@8.4.0 want: ^5.2.0
1011 silly placeDep ROOT acorn@8.16.0 OK for: espree@10.4.0 want: ^8.15.0
1012 silly placeDep ROOT acorn-jsx@5.3.2 OK for: espree@10.4.0 want: ^5.3.2
1013 silly placeDep ROOT flat-cache@4.0.1 OK for: file-entry-cache@8.0.0 want: ^4.0.0
1014 silly fetch manifest keyv@^4.5.4
1015 silly packumentCache full:https://registry.npmjs.org/keyv cache-miss
1016 silly fetch manifest flatted@^3.2.9
1017 silly packumentCache full:https://registry.npmjs.org/flatted cache-miss
1018 http fetch GET 200 https://registry.npmjs.org/keyv 236ms (cache miss)
1019 silly packumentCache full:https://registry.npmjs.org/keyv set size:undefined disposed:false
1020 http fetch GET 200 https://registry.npmjs.org/flatted 241ms (cache miss)
1021 silly packumentCache full:https://registry.npmjs.org/flatted set size:undefined disposed:false
1022 silly placeDep ROOT locate-path@6.0.0 OK for: find-up@5.0.0 want: ^6.0.0
1023 silly placeDep ROOT path-exists@4.0.0 OK for: find-up@5.0.0 want: ^4.0.0
1024 silly fetch manifest p-locate@^5.0.0
1025 silly packumentCache full:https://registry.npmjs.org/p-locate cache-miss
1026 http fetch GET 200 https://registry.npmjs.org/p-locate 229ms (cache miss)
1027 silly packumentCache full:https://registry.npmjs.org/p-locate set size:undefined disposed:false
1028 silly placeDep ROOT flatted@3.4.2 OK for: flat-cache@4.0.1 want: ^3.2.9
1029 silly placeDep ROOT keyv@4.5.4 OK for: flat-cache@4.0.1 want: ^4.5.4
1030 silly fetch manifest json-buffer@3.0.1
1031 silly packumentCache full:https://registry.npmjs.org/json-buffer cache-miss
1032 http fetch GET 200 https://registry.npmjs.org/json-buffer 248ms (cache miss)
1033 silly packumentCache full:https://registry.npmjs.org/json-buffer set size:undefined disposed:false
1034 silly placeDep ROOT parent-module@1.0.1 OK for: import-fresh@3.3.1 want: ^1.0.0
1035 silly placeDep ROOT resolve-from@4.0.0 OK for: import-fresh@3.3.1 want: ^4.0.0
1036 silly fetch manifest callsites@^3.0.0
1037 silly packumentCache full:https://registry.npmjs.org/callsites cache-miss
1038 http fetch GET 200 https://registry.npmjs.org/callsites 227ms (cache miss)
1039 silly packumentCache full:https://registry.npmjs.org/callsites set size:undefined disposed:false
1040 silly placeDep ROOT is-extglob@2.1.1 OK for: is-glob@4.0.3 want: ^2.1.1
1041 silly placeDep ROOT argparse@2.0.1 OK for: js-yaml@4.1.1 want: ^2.0.1
1042 silly placeDep ROOT json-buffer@3.0.1 OK for: keyv@4.5.4 want: 3.0.1
1043 silly placeDep ROOT prelude-ls@1.2.1 OK for: levn@0.4.1 want: ^1.2.1
1044 silly placeDep ROOT type-check@0.4.0 OK for: levn@0.4.1 want: ~0.4.0
1045 silly placeDep ROOT p-locate@5.0.0 OK for: locate-path@6.0.0 want: ^5.0.0
1046 silly fetch manifest p-limit@^3.0.2
1047 silly packumentCache full:https://registry.npmjs.org/p-limit cache-miss
1048 http fetch GET 200 https://registry.npmjs.org/p-limit 227ms (cache miss)
1049 silly packumentCache full:https://registry.npmjs.org/p-limit set size:undefined disposed:false
1050 silly placeDep ROOT yallist@3.1.1 OK for: lru-cache@5.1.1 want: ^3.0.2
1051 silly placeDep ROOT brace-expansion@1.1.14 OK for: minimatch@3.1.5 want: ^1.1.7
1052 silly fetch manifest concat-map@0.0.1
1053 silly packumentCache full:https://registry.npmjs.org/concat-map cache-miss
1054 silly fetch manifest balanced-match@^1.0.0
1055 silly packumentCache full:https://registry.npmjs.org/balanced-match cache-miss
1056 http fetch GET 200 https://registry.npmjs.org/balanced-match 233ms (cache miss)
1057 silly packumentCache full:https://registry.npmjs.org/balanced-match set size:undefined disposed:false
1058 http fetch GET 200 https://registry.npmjs.org/concat-map 234ms (cache miss)
1059 silly packumentCache full:https://registry.npmjs.org/concat-map set size:undefined disposed:false
1060 silly placeDep ROOT balanced-match@1.0.2 OK for: brace-expansion@1.1.14 want: ^1.0.0
1061 silly placeDep ROOT concat-map@0.0.1 OK for: brace-expansion@1.1.14 want: 0.0.1
1062 silly placeDep ROOT deep-is@0.1.4 OK for: optionator@0.9.4 want: ^0.1.3
1063 silly placeDep ROOT fast-levenshtein@2.0.6 OK for: optionator@0.9.4 want: ^2.0.6
1064 silly placeDep ROOT word-wrap@1.2.5 OK for: optionator@0.9.4 want: ^1.2.5
1065 silly placeDep ROOT p-limit@3.1.0 OK for: p-locate@5.0.0 want: ^3.0.2
1066 silly fetch manifest yocto-queue@^0.1.0
1067 silly packumentCache full:https://registry.npmjs.org/yocto-queue cache-miss
1068 http fetch GET 200 https://registry.npmjs.org/yocto-queue 258ms (cache miss)
1069 silly packumentCache full:https://registry.npmjs.org/yocto-queue set size:undefined disposed:false
1070 silly placeDep ROOT yocto-queue@0.1.0 OK for: p-limit@3.1.0 want: ^0.1.0
1071 silly placeDep ROOT callsites@3.1.0 OK for: parent-module@1.0.1 want: ^3.0.0
1072 silly placeDep ROOT nanoid@3.3.11 OK for: postcss@8.5.10 want: ^3.3.11
1073 silly placeDep ROOT source-map-js@1.2.1 OK for: postcss@8.5.10 want: ^1.2.1
1074 silly placeDep ROOT loose-envify@1.4.0 OK for: react@18.3.1 want: ^1.1.0
1075 silly placeDep ROOT scheduler@0.23.2 OK for: react-dom@18.3.1 want: ^0.23.2
1076 silly placeDep ROOT shebang-regex@3.0.0 OK for: shebang-command@2.0.0 want: ^3.0.0
1077 silly placeDep ROOT has-flag@4.0.0 OK for: supports-color@7.2.0 want: ^4.0.0
1078 silly fetch manifest postcss@^8.4.47
1079 silly packumentCache full:https://registry.npmjs.org/postcss cache-hit
1080 silly fetch manifest tsx@^4.8.1
1081 silly packumentCache full:https://registry.npmjs.org/tsx cache-miss
1082 http fetch GET 200 https://registry.npmjs.org/tsx 250ms (cache miss)
1083 silly packumentCache full:https://registry.npmjs.org/tsx set size:undefined disposed:false
1084 silly fetch manifest yaml@^2.4.2
1085 silly packumentCache full:https://registry.npmjs.org/yaml cache-miss
1086 http fetch GET 200 https://registry.npmjs.org/yaml 245ms (cache miss)
1087 silly packumentCache full:https://registry.npmjs.org/yaml set size:undefined disposed:false
1088 silly placeDep ROOT @alloc/quick-lru@5.2.0 OK for: tailwindcss@3.4.19 want: ^5.2.0
1089 silly placeDep ROOT arg@5.0.2 OK for: tailwindcss@3.4.19 want: ^5.0.2
1090 silly placeDep ROOT chokidar@3.6.0 OK for: tailwindcss@3.4.19 want: ^3.6.0
1091 silly placeDep ROOT didyoumean@1.2.2 OK for: tailwindcss@3.4.19 want: ^1.2.2
1092 silly placeDep ROOT dlv@1.1.3 OK for: tailwindcss@3.4.19 want: ^1.1.3
1093 silly placeDep ROOT fast-glob@3.3.3 OK for: tailwindcss@3.4.19 want: ^3.3.2
1094 silly placeDep ROOT jiti@1.21.7 OK for: tailwindcss@3.4.19 want: ^1.21.7
1095 silly placeDep ROOT lilconfig@3.1.3 OK for: tailwindcss@3.4.19 want: ^3.1.3
1096 silly placeDep ROOT micromatch@4.0.8 OK for: tailwindcss@3.4.19 want: ^4.0.8
1097 silly placeDep ROOT normalize-path@3.0.0 OK for: tailwindcss@3.4.19 want: ^3.0.0
1098 silly placeDep ROOT object-hash@3.0.0 OK for: tailwindcss@3.4.19 want: ^3.0.0
1099 silly placeDep ROOT postcss-import@15.1.0 OK for: tailwindcss@3.4.19 want: ^15.1.0
1100 silly placeDep ROOT postcss-js@4.1.0 OK for: tailwindcss@3.4.19 want: ^4.0.1
1101 silly placeDep ROOT postcss-load-config@6.0.1 OK for: tailwindcss@3.4.19 want: ^4.0.2 || ^5.0 || ^6.0
1102 silly placeDep ROOT postcss-nested@6.2.0 OK for: tailwindcss@3.4.19 want: ^6.2.0
1103 silly placeDep ROOT postcss-selector-parser@6.1.2 OK for: tailwindcss@3.4.19 want: ^6.1.2
1104 silly placeDep ROOT resolve@1.22.12 OK for: tailwindcss@3.4.19 want: ^1.22.8
1105 silly placeDep ROOT sucrase@3.35.1 OK for: tailwindcss@3.4.19 want: ^3.35.0
1106 silly fetch manifest braces@~3.0.2
1107 silly packumentCache full:https://registry.npmjs.org/braces cache-miss
1108 silly fetch manifest anymatch@~3.1.2
1109 silly packumentCache full:https://registry.npmjs.org/anymatch cache-miss
1110 silly fetch manifest readdirp@~3.6.0
1111 silly packumentCache full:https://registry.npmjs.org/readdirp cache-miss
1112 silly fetch manifest glob-parent@~5.1.2
1113 silly packumentCache full:https://registry.npmjs.org/glob-parent cache-miss
1114 silly fetch manifest is-binary-path@~2.1.0
1115 silly packumentCache full:https://registry.npmjs.org/is-binary-path cache-miss
1116 silly fetch manifest normalize-path@~3.0.0
1117 silly packumentCache full:https://registry.npmjs.org/normalize-path cache-miss
1118 silly fetch manifest fsevents@~2.3.2
1119 silly packumentCache full:https://registry.npmjs.org/fsevents cache-miss
1120 silly fetch manifest @nodelib/fs.stat@^2.0.2
1121 silly packumentCache full:https://registry.npmjs.org/@nodelib%2ffs.stat cache-miss
1122 silly fetch manifest @nodelib/fs.walk@^1.2.3
1123 silly packumentCache full:https://registry.npmjs.org/@nodelib%2ffs.walk cache-miss
1124 silly fetch manifest glob-parent@^5.1.2
1125 silly packumentCache full:https://registry.npmjs.org/glob-parent cache-miss
1126 silly fetch manifest merge2@^1.3.0
1127 silly packumentCache full:https://registry.npmjs.org/merge2 cache-miss
1128 http cache https://registry.npmjs.org/glob-parent 13ms (cache hit)
1129 silly packumentCache full:https://registry.npmjs.org/glob-parent set size:42445 disposed:false
1130 silly fetch manifest braces@^3.0.3
1131 silly packumentCache full:https://registry.npmjs.org/braces cache-miss
1132 http cache https://registry.npmjs.org/glob-parent 14ms (cache hit)
1133 silly packumentCache full:https://registry.npmjs.org/glob-parent set size:42445 disposed:false
1134 silly packumentCache full:https://registry.npmjs.org/glob-parent dispose
1135 silly fetch manifest picomatch@^2.3.1
1136 silly packumentCache full:https://registry.npmjs.org/picomatch cache-miss
1137 http cache https://registry.npmjs.org/fsevents 16ms (cache hit)
1138 silly packumentCache full:https://registry.npmjs.org/fsevents set size:182472 disposed:false
1139 silly fetch manifest resolve@^1.1.7
1140 silly packumentCache full:https://registry.npmjs.org/resolve cache-miss
1141 http cache https://registry.npmjs.org/normalize-path 20ms (cache hit)
1142 silly packumentCache full:https://registry.npmjs.org/normalize-path set size:28713 disposed:false
1143 silly fetch manifest read-cache@^1.0.0
1144 silly packumentCache full:https://registry.npmjs.org/read-cache cache-miss
1145 http cache https://registry.npmjs.org/resolve 11ms (cache hit)
1146 silly packumentCache full:https://registry.npmjs.org/resolve set size:252941 disposed:false
1147 silly fetch manifest camelcase-css@^2.0.1
1148 silly packumentCache full:https://registry.npmjs.org/camelcase-css cache-miss
1149 http fetch GET 200 https://registry.npmjs.org/is-binary-path 238ms (cache miss)
1150 silly packumentCache full:https://registry.npmjs.org/is-binary-path set size:undefined disposed:false
1151 silly fetch manifest postcss-selector-parser@^6.1.1
1152 silly packumentCache full:https://registry.npmjs.org/postcss-selector-parser cache-miss
1153 http fetch GET 200 https://registry.npmjs.org/merge2 237ms (cache miss)
1154 silly packumentCache full:https://registry.npmjs.org/merge2 set size:undefined disposed:false
1155 silly fetch manifest cssesc@^3.0.0
1156 silly packumentCache full:https://registry.npmjs.org/cssesc cache-miss
1157 http fetch GET 200 https://registry.npmjs.org/@nodelib%2ffs.walk 240ms (cache miss)
1158 silly packumentCache full:https://registry.npmjs.org/@nodelib%2ffs.walk set size:undefined disposed:false
1159 silly fetch manifest util-deprecate@^1.0.2
1160 silly packumentCache full:https://registry.npmjs.org/util-deprecate cache-miss
1161 http fetch GET 200 https://registry.npmjs.org/@nodelib%2ffs.stat 245ms (cache miss)
1162 silly packumentCache full:https://registry.npmjs.org/@nodelib%2ffs.stat set size:undefined disposed:false
1163 silly fetch manifest es-errors@^1.3.0
1164 silly packumentCache full:https://registry.npmjs.org/es-errors cache-miss
1165 http fetch GET 200 https://registry.npmjs.org/braces 254ms (cache miss)
1166 silly packumentCache full:https://registry.npmjs.org/braces set size:undefined disposed:false
1167 silly fetch manifest is-core-module@^2.16.1
1168 silly packumentCache full:https://registry.npmjs.org/is-core-module cache-miss
1169 http fetch GET 200 https://registry.npmjs.org/readdirp 267ms (cache miss)
1170 silly packumentCache full:https://registry.npmjs.org/readdirp set size:undefined disposed:false
1171 silly fetch manifest path-parse@^1.0.7
1172 silly packumentCache full:https://registry.npmjs.org/path-parse cache-miss
1173 http fetch GET 200 https://registry.npmjs.org/anymatch 272ms (cache miss)
1174 silly packumentCache full:https://registry.npmjs.org/anymatch set size:undefined disposed:false
1175 silly fetch manifest supports-preserve-symlinks-flag@^1.0.0
1176 silly packumentCache full:https://registry.npmjs.org/supports-preserve-symlinks-flag cache-miss
1177 http cache https://registry.npmjs.org/postcss-selector-parser 36ms (cache hit)
1178 silly packumentCache full:https://registry.npmjs.org/postcss-selector-parser set size:177140 disposed:false
1179 silly fetch manifest commander@^4.0.0
1180 silly packumentCache full:https://registry.npmjs.org/commander cache-miss
1181 http fetch GET 200 https://registry.npmjs.org/picomatch 264ms (cache miss)
1182 silly packumentCache full:https://registry.npmjs.org/picomatch set size:undefined disposed:false
1183 silly fetch manifest lines-and-columns@^1.1.6
1184 silly packumentCache full:https://registry.npmjs.org/lines-and-columns cache-miss
1185 http fetch GET 200 https://registry.npmjs.org/camelcase-css 251ms (cache miss)
1186 silly packumentCache full:https://registry.npmjs.org/camelcase-css set size:undefined disposed:false
1187 silly fetch manifest mz@^2.7.0
1188 silly packumentCache full:https://registry.npmjs.org/mz cache-miss
1189 http fetch GET 200 https://registry.npmjs.org/read-cache 264ms (cache miss)
1190 silly packumentCache full:https://registry.npmjs.org/read-cache set size:undefined disposed:false
1191 silly fetch manifest pirates@^4.0.1
1192 silly packumentCache full:https://registry.npmjs.org/pirates cache-miss
1193 http fetch GET 200 https://registry.npmjs.org/braces 285ms (cache miss)
1194 silly packumentCache full:https://registry.npmjs.org/braces set size:undefined disposed:false
1195 silly fetch manifest tinyglobby@^0.2.11
1196 silly packumentCache full:https://registry.npmjs.org/tinyglobby cache-miss
1197 http fetch GET 200 https://registry.npmjs.org/util-deprecate 230ms (cache miss)
1198 silly packumentCache full:https://registry.npmjs.org/util-deprecate set size:undefined disposed:false
1199 silly fetch manifest ts-interface-checker@^0.1.9
1200 silly packumentCache full:https://registry.npmjs.org/ts-interface-checker cache-miss
1201 http fetch GET 200 https://registry.npmjs.org/cssesc 233ms (cache miss)
1202 silly packumentCache full:https://registry.npmjs.org/cssesc set size:undefined disposed:false
1203 http fetch GET 200 https://registry.npmjs.org/es-errors 227ms (cache miss)
1204 silly packumentCache full:https://registry.npmjs.org/es-errors set size:undefined disposed:false
1205 http fetch GET 200 https://registry.npmjs.org/supports-preserve-symlinks-flag 233ms (cache miss)
1206 silly packumentCache full:https://registry.npmjs.org/supports-preserve-symlinks-flag set size:undefined disposed:false
1207 http fetch GET 200 https://registry.npmjs.org/path-parse 244ms (cache miss)
1208 silly packumentCache full:https://registry.npmjs.org/path-parse set size:undefined disposed:false
1209 http fetch GET 200 https://registry.npmjs.org/is-core-module 270ms (cache miss)
1210 silly packumentCache full:https://registry.npmjs.org/is-core-module set size:undefined disposed:false
1211 http fetch GET 200 https://registry.npmjs.org/commander 254ms (cache miss)
1212 silly packumentCache full:https://registry.npmjs.org/commander set size:undefined disposed:false
1213 http fetch GET 200 https://registry.npmjs.org/mz 255ms (cache miss)
1214 silly packumentCache full:https://registry.npmjs.org/mz set size:undefined disposed:false
1215 http fetch GET 200 https://registry.npmjs.org/lines-and-columns 260ms (cache miss)
1216 silly packumentCache full:https://registry.npmjs.org/lines-and-columns set size:undefined disposed:false
1217 http fetch GET 200 https://registry.npmjs.org/pirates 260ms (cache miss)
1218 silly packumentCache full:https://registry.npmjs.org/pirates set size:undefined disposed:false
1219 http fetch GET 200 https://registry.npmjs.org/tinyglobby 261ms (cache miss)
1220 silly packumentCache full:https://registry.npmjs.org/tinyglobby set size:undefined disposed:false
1221 http fetch GET 200 https://registry.npmjs.org/ts-interface-checker 227ms (cache miss)
1222 silly packumentCache full:https://registry.npmjs.org/ts-interface-checker set size:undefined disposed:false
1223 silly placeDep ROOT anymatch@3.1.3 OK for: chokidar@3.6.0 want: ~3.1.2
1224 silly placeDep ROOT braces@3.0.3 OK for: chokidar@3.6.0 want: ~3.0.2
1225 silly placeDep ROOT fsevents@2.3.3 OK for: chokidar@3.6.0 want: ~2.3.2
1226 silly placeDep node_modules/chokidar glob-parent@5.1.2 OK for: chokidar@3.6.0 want: ~5.1.2
1227 silly placeDep ROOT is-binary-path@2.1.0 OK for: chokidar@3.6.0 want: ~2.1.0
1228 silly placeDep ROOT readdirp@3.6.0 OK for: chokidar@3.6.0 want: ~3.6.0
1229 silly fetch manifest picomatch@^2.0.4
1230 silly packumentCache full:https://registry.npmjs.org/picomatch cache-miss
1231 silly fetch manifest fill-range@^7.1.1
1232 silly packumentCache full:https://registry.npmjs.org/fill-range cache-miss
1233 silly fetch manifest binary-extensions@^2.0.0
1234 silly packumentCache full:https://registry.npmjs.org/binary-extensions cache-miss
1235 silly fetch manifest picomatch@^2.2.1
1236 silly packumentCache full:https://registry.npmjs.org/picomatch cache-miss
1237 http cache https://registry.npmjs.org/picomatch 9ms (cache hit)
1238 silly packumentCache full:https://registry.npmjs.org/picomatch set size:126376 disposed:false
1239 http cache https://registry.npmjs.org/picomatch 46ms (cache hit)
1240 silly packumentCache full:https://registry.npmjs.org/picomatch set size:126376 disposed:false
1241 silly packumentCache full:https://registry.npmjs.org/picomatch dispose
1242 http fetch GET 200 https://registry.npmjs.org/fill-range 228ms (cache miss)
1243 silly packumentCache full:https://registry.npmjs.org/fill-range set size:undefined disposed:false
1244 http fetch GET 200 https://registry.npmjs.org/binary-extensions 239ms (cache miss)
1245 silly packumentCache full:https://registry.npmjs.org/binary-extensions set size:undefined disposed:false
1246 silly placeDep ROOT picomatch@2.3.2 OK for: anymatch@3.1.3 want: ^2.0.4
1247 silly placeDep ROOT fill-range@7.1.1 OK for: braces@3.0.3 want: ^7.1.1
1248 silly fetch manifest to-regex-range@^5.0.1
1249 silly packumentCache full:https://registry.npmjs.org/to-regex-range cache-miss
1250 http fetch GET 200 https://registry.npmjs.org/to-regex-range 240ms (cache miss)
1251 silly packumentCache full:https://registry.npmjs.org/to-regex-range set size:undefined disposed:false
1252 silly placeDep ROOT @nodelib/fs.stat@2.0.5 OK for: fast-glob@3.3.3 want: ^2.0.2
1253 silly placeDep ROOT @nodelib/fs.walk@1.2.8 OK for: fast-glob@3.3.3 want: ^1.2.3
1254 silly placeDep node_modules/fast-glob glob-parent@5.1.2 OK for: fast-glob@3.3.3 want: ^5.1.2
1255 silly placeDep ROOT merge2@1.4.1 OK for: fast-glob@3.3.3 want: ^1.3.0
1256 silly fetch manifest fastq@^1.6.0
1257 silly packumentCache full:https://registry.npmjs.org/fastq cache-miss
1258 silly fetch manifest @nodelib/fs.scandir@2.1.5
1259 silly packumentCache full:https://registry.npmjs.org/@nodelib%2ffs.scandir cache-miss
1260 http fetch GET 200 https://registry.npmjs.org/fastq 242ms (cache miss)
1261 silly packumentCache full:https://registry.npmjs.org/fastq set size:undefined disposed:false
1262 http fetch GET 200 https://registry.npmjs.org/@nodelib%2ffs.scandir 255ms (cache miss)
1263 silly packumentCache full:https://registry.npmjs.org/@nodelib%2ffs.scandir set size:undefined disposed:false
1264 silly placeDep ROOT @nodelib/fs.scandir@2.1.5 OK for: @nodelib/fs.walk@1.2.8 want: 2.1.5
1265 silly placeDep ROOT fastq@1.20.1 OK for: @nodelib/fs.walk@1.2.8 want: ^1.6.0
1266 silly fetch manifest run-parallel@^1.1.9
1267 silly packumentCache full:https://registry.npmjs.org/run-parallel cache-miss
1268 silly fetch manifest reusify@^1.0.4
1269 silly packumentCache full:https://registry.npmjs.org/reusify cache-miss
1270 http fetch GET 200 https://registry.npmjs.org/reusify 227ms (cache miss)
1271 silly packumentCache full:https://registry.npmjs.org/reusify set size:undefined disposed:false
1272 http fetch GET 200 https://registry.npmjs.org/run-parallel 228ms (cache miss)
1273 silly packumentCache full:https://registry.npmjs.org/run-parallel set size:undefined disposed:false
1274 silly placeDep ROOT run-parallel@1.2.0 OK for: @nodelib/fs.scandir@2.1.5 want: ^1.1.9
1275 silly fetch manifest queue-microtask@^1.2.2
1276 silly packumentCache full:https://registry.npmjs.org/queue-microtask cache-miss
1277 http fetch GET 200 https://registry.npmjs.org/queue-microtask 234ms (cache miss)
1278 silly packumentCache full:https://registry.npmjs.org/queue-microtask set size:undefined disposed:false
1279 silly placeDep ROOT reusify@1.1.0 OK for: fastq@1.20.1 want: ^1.0.4
1280 silly placeDep ROOT to-regex-range@5.0.1 OK for: fill-range@7.1.1 want: ^5.0.1
1281 silly fetch manifest is-number@^7.0.0
1282 silly packumentCache full:https://registry.npmjs.org/is-number cache-miss
1283 http fetch GET 200 https://registry.npmjs.org/is-number 242ms (cache miss)
1284 silly packumentCache full:https://registry.npmjs.org/is-number set size:undefined disposed:false
1285 silly placeDep ROOT binary-extensions@2.3.0 OK for: is-binary-path@2.1.0 want: ^2.0.0
1286 silly placeDep ROOT read-cache@1.0.0 OK for: postcss-import@15.1.0 want: ^1.0.0
1287 silly fetch manifest pify@^2.3.0
1288 silly packumentCache full:https://registry.npmjs.org/pify cache-miss
1289 http fetch GET 200 https://registry.npmjs.org/pify 242ms (cache miss)
1290 silly packumentCache full:https://registry.npmjs.org/pify set size:undefined disposed:false
1291 silly placeDep ROOT camelcase-css@2.0.1 OK for: postcss-js@4.1.0 want: ^2.0.1
1292 silly placeDep ROOT cssesc@3.0.0 OK for: postcss-selector-parser@6.1.2 want: ^3.0.0
1293 silly placeDep ROOT util-deprecate@1.0.2 OK for: postcss-selector-parser@6.1.2 want: ^1.0.2
1294 silly placeDep ROOT pify@2.3.0 OK for: read-cache@1.0.0 want: ^2.3.0
1295 silly placeDep ROOT es-errors@1.3.0 OK for: resolve@1.22.12 want: ^1.3.0
1296 silly placeDep ROOT is-core-module@2.16.1 OK for: resolve@1.22.12 want: ^2.16.1
1297 silly placeDep ROOT path-parse@1.0.7 OK for: resolve@1.22.12 want: ^1.0.7
1298 silly placeDep ROOT supports-preserve-symlinks-flag@1.0.0 OK for: resolve@1.22.12 want: ^1.0.0
1299 silly fetch manifest hasown@^2.0.2
1300 silly packumentCache full:https://registry.npmjs.org/hasown cache-miss
1301 http fetch GET 200 https://registry.npmjs.org/hasown 237ms (cache miss)
1302 silly packumentCache full:https://registry.npmjs.org/hasown set size:undefined disposed:false
1303 silly placeDep ROOT hasown@2.0.3 OK for: is-core-module@2.16.1 want: ^2.0.2
1304 silly fetch manifest function-bind@^1.1.2
1305 silly packumentCache full:https://registry.npmjs.org/function-bind cache-miss
1306 http fetch GET 200 https://registry.npmjs.org/function-bind 242ms (cache miss)
1307 silly packumentCache full:https://registry.npmjs.org/function-bind set size:undefined disposed:false
1308 silly placeDep ROOT function-bind@1.1.2 OK for: hasown@2.0.3 want: ^1.1.2
1309 silly placeDep ROOT queue-microtask@1.2.3 OK for: run-parallel@1.2.0 want: ^1.2.2
1310 silly placeDep ROOT commander@4.1.1 OK for: sucrase@3.35.1 want: ^4.0.0
1311 silly placeDep ROOT lines-and-columns@1.2.4 OK for: sucrase@3.35.1 want: ^1.1.6
1312 silly placeDep ROOT mz@2.7.0 OK for: sucrase@3.35.1 want: ^2.7.0
1313 silly placeDep ROOT pirates@4.0.7 OK for: sucrase@3.35.1 want: ^4.0.1
1314 silly placeDep ROOT tinyglobby@0.2.16 OK for: sucrase@3.35.1 want: ^0.2.11
1315 silly placeDep ROOT ts-interface-checker@0.1.13 OK for: sucrase@3.35.1 want: ^0.1.9
1316 silly fetch manifest any-promise@^1.0.0
1317 silly packumentCache full:https://registry.npmjs.org/any-promise cache-miss
1318 silly fetch manifest object-assign@^4.0.1
1319 silly packumentCache full:https://registry.npmjs.org/object-assign cache-miss
1320 silly fetch manifest thenify-all@^1.0.0
1321 silly packumentCache full:https://registry.npmjs.org/thenify-all cache-miss
1322 silly fetch manifest fdir@^6.5.0
1323 silly packumentCache full:https://registry.npmjs.org/fdir cache-miss
1324 silly fetch manifest picomatch@^4.0.4
1325 silly packumentCache full:https://registry.npmjs.org/picomatch cache-hit
1326 http fetch GET 200 https://registry.npmjs.org/any-promise 226ms (cache miss)
1327 silly packumentCache full:https://registry.npmjs.org/any-promise set size:undefined disposed:false
1328 http fetch GET 200 https://registry.npmjs.org/thenify-all 237ms (cache miss)
1329 silly packumentCache full:https://registry.npmjs.org/thenify-all set size:undefined disposed:false
1330 http fetch GET 200 https://registry.npmjs.org/object-assign 240ms (cache miss)
1331 silly packumentCache full:https://registry.npmjs.org/object-assign set size:undefined disposed:false
1332 http fetch GET 200 https://registry.npmjs.org/fdir 254ms (cache miss)
1333 silly packumentCache full:https://registry.npmjs.org/fdir set size:undefined disposed:false
1334 silly placeDep ROOT any-promise@1.3.0 OK for: mz@2.7.0 want: ^1.0.0
1335 silly placeDep ROOT object-assign@4.1.1 OK for: mz@2.7.0 want: ^4.0.1
1336 silly placeDep ROOT thenify-all@1.6.0 OK for: mz@2.7.0 want: ^1.0.0
1337 silly fetch manifest thenify@>= 3.1.0 < 4
1338 silly packumentCache full:https://registry.npmjs.org/thenify cache-miss
1339 http fetch GET 200 https://registry.npmjs.org/thenify 228ms (cache miss)
1340 silly packumentCache full:https://registry.npmjs.org/thenify set size:undefined disposed:false
1341 silly placeDep ROOT thenify@3.3.1 OK for: thenify-all@1.6.0 want: >= 3.1.0 < 4
1342 silly placeDep node_modules/tinyglobby fdir@6.5.0 OK for: tinyglobby@0.2.16 want: ^6.5.0
1343 silly placeDep node_modules/tinyglobby picomatch@4.0.4 OK for: fdir@6.5.0 want: ^3 || ^4
1344 silly placeDep ROOT is-number@7.0.0 OK for: to-regex-range@5.0.1 want: ^7.0.0
1345 silly fetch manifest eslint@^8.57.0 || ^9.0.0 || ^10.0.0
1346 silly packumentCache full:https://registry.npmjs.org/eslint cache-miss
1347 http cache https://registry.npmjs.org/eslint 15ms (cache hit)
1348 silly packumentCache full:https://registry.npmjs.org/eslint set size:1983515 disposed:false
1349 silly fetch manifest typescript@>=4.8.4 <6.1.0
1350 silly packumentCache full:https://registry.npmjs.org/typescript cache-miss
1351 http cache https://registry.npmjs.org/typescript 27ms (cache hit)
1352 silly packumentCache full:https://registry.npmjs.org/typescript set size:15409943 disposed:false
1353 silly placeDep ROOT @typescript-eslint/eslint-plugin@8.58.2 OK for: typescript-eslint@8.58.2 want: 8.58.2
1354 silly placeDep ROOT @typescript-eslint/parser@8.58.2 OK for: @typescript-eslint/eslint-plugin@8.58.2 want: ^8.58.2
1355 silly placeDep ROOT @typescript-eslint/typescript-estree@8.58.2 OK for: typescript-eslint@8.58.2 want: 8.58.2
1356 silly placeDep ROOT @typescript-eslint/utils@8.58.2 OK for: typescript-eslint@8.58.2 want: 8.58.2
1357 silly fetch manifest ignore@^7.0.5
1358 silly packumentCache full:https://registry.npmjs.org/ignore cache-miss
1359 silly fetch manifest ts-api-utils@^2.5.0
1360 silly packumentCache full:https://registry.npmjs.org/ts-api-utils cache-miss
1361 silly fetch manifest @typescript-eslint/type-utils@8.58.2
1362 silly packumentCache full:https://registry.npmjs.org/@typescript-eslint%2ftype-utils cache-miss
1363 silly fetch manifest @typescript-eslint/visitor-keys@8.58.2
1364 silly packumentCache full:https://registry.npmjs.org/@typescript-eslint%2fvisitor-keys cache-miss
1365 silly fetch manifest @typescript-eslint/scope-manager@8.58.2
1366 silly packumentCache full:https://registry.npmjs.org/@typescript-eslint%2fscope-manager cache-miss
1367 silly fetch manifest @typescript-eslint/types@8.58.2
1368 silly packumentCache full:https://registry.npmjs.org/@typescript-eslint%2ftypes cache-miss
1369 silly fetch manifest @typescript-eslint/visitor-keys@8.58.2
1370 silly packumentCache full:https://registry.npmjs.org/@typescript-eslint%2fvisitor-keys cache-miss
1371 silly fetch manifest @typescript-eslint/scope-manager@8.58.2
1372 silly packumentCache full:https://registry.npmjs.org/@typescript-eslint%2fscope-manager cache-miss
1373 silly fetch manifest semver@^7.7.3
1374 silly packumentCache full:https://registry.npmjs.org/semver cache-miss
1375 silly fetch manifest minimatch@^10.2.2
1376 silly packumentCache full:https://registry.npmjs.org/minimatch cache-miss
1377 silly fetch manifest ts-api-utils@^2.5.0
1378 silly packumentCache full:https://registry.npmjs.org/ts-api-utils cache-miss
1379 http cache https://registry.npmjs.org/semver 13ms (cache hit)
1380 silly packumentCache full:https://registry.npmjs.org/semver set size:229620 disposed:false
1381 silly fetch manifest @typescript-eslint/types@8.58.2
1382 silly packumentCache full:https://registry.npmjs.org/@typescript-eslint%2ftypes cache-miss
1383 http cache https://registry.npmjs.org/ignore 18ms (cache hit)
1384 silly packumentCache full:https://registry.npmjs.org/ignore set size:237380 disposed:false
1385 silly fetch manifest @typescript-eslint/visitor-keys@8.58.2
1386 silly packumentCache full:https://registry.npmjs.org/@typescript-eslint%2fvisitor-keys cache-miss
1387 http cache https://registry.npmjs.org/minimatch 19ms (cache hit)
1388 silly packumentCache full:https://registry.npmjs.org/minimatch set size:375282 disposed:false
1389 silly fetch manifest @typescript-eslint/tsconfig-utils@8.58.2
1390 silly packumentCache full:https://registry.npmjs.org/@typescript-eslint%2ftsconfig-utils cache-miss
1391 http fetch GET 200 https://registry.npmjs.org/ts-api-utils 246ms (cache miss)
1392 silly packumentCache full:https://registry.npmjs.org/ts-api-utils set size:undefined disposed:false
1393 silly fetch manifest @typescript-eslint/project-service@8.58.2
1394 silly packumentCache full:https://registry.npmjs.org/@typescript-eslint%2fproject-service cache-miss
1395 http fetch GET 200 https://registry.npmjs.org/ts-api-utils 285ms (cache miss)
1396 silly packumentCache full:https://registry.npmjs.org/ts-api-utils set size:undefined disposed:false
1397 silly fetch manifest @typescript-eslint/types@8.58.2
1398 silly packumentCache full:https://registry.npmjs.org/@typescript-eslint%2ftypes cache-miss
1399 http fetch GET 200 https://registry.npmjs.org/@typescript-eslint%2ftsconfig-utils 359ms (cache miss)
1400 silly packumentCache full:https://registry.npmjs.org/@typescript-eslint%2ftsconfig-utils set size:undefined disposed:false
1401 silly fetch manifest @typescript-eslint/scope-manager@8.58.2
1402 silly packumentCache full:https://registry.npmjs.org/@typescript-eslint%2fscope-manager cache-miss
1403 http fetch GET 200 https://registry.npmjs.org/@typescript-eslint%2fproject-service 312ms (cache miss)
1404 silly packumentCache full:https://registry.npmjs.org/@typescript-eslint%2fproject-service set size:undefined disposed:false
1405 http fetch GET 200 https://registry.npmjs.org/@typescript-eslint%2ftype-utils 914ms (cache miss)
1406 silly packumentCache full:https://registry.npmjs.org/@typescript-eslint%2ftype-utils set size:undefined disposed:false
1407 http fetch GET 200 https://registry.npmjs.org/@typescript-eslint%2ftypes 1084ms (cache miss)
1408 silly packumentCache full:https://registry.npmjs.org/@typescript-eslint%2ftypes set size:undefined disposed:false
1409 http fetch GET 200 https://registry.npmjs.org/@typescript-eslint%2fscope-manager 1170ms (cache miss)
1410 silly packumentCache full:https://registry.npmjs.org/@typescript-eslint%2fscope-manager set size:undefined disposed:false
1411 http fetch GET 200 https://registry.npmjs.org/@typescript-eslint%2fvisitor-keys 1259ms (cache miss)
1412 silly packumentCache full:https://registry.npmjs.org/@typescript-eslint%2fvisitor-keys set size:undefined disposed:false
1413 http fetch GET 200 https://registry.npmjs.org/@typescript-eslint%2fvisitor-keys 1359ms (cache miss)
1414 silly packumentCache full:https://registry.npmjs.org/@typescript-eslint%2fvisitor-keys set size:undefined disposed:false
1415 http fetch GET 200 https://registry.npmjs.org/@typescript-eslint%2fscope-manager 1464ms (cache miss)
1416 silly packumentCache full:https://registry.npmjs.org/@typescript-eslint%2fscope-manager set size:undefined disposed:false
1417 http fetch GET 200 https://registry.npmjs.org/@typescript-eslint%2ftypes 1524ms (cache miss)
1418 silly packumentCache full:https://registry.npmjs.org/@typescript-eslint%2ftypes set size:undefined disposed:false
1419 http fetch GET 200 https://registry.npmjs.org/@typescript-eslint%2fvisitor-keys 1707ms (cache miss)
1420 silly packumentCache full:https://registry.npmjs.org/@typescript-eslint%2fvisitor-keys set size:undefined disposed:false
1421 http fetch GET 200 https://registry.npmjs.org/@typescript-eslint%2fscope-manager 1438ms (cache miss)
1422 silly packumentCache full:https://registry.npmjs.org/@typescript-eslint%2fscope-manager set size:undefined disposed:false
1423 http fetch GET 200 https://registry.npmjs.org/@typescript-eslint%2ftypes 1634ms (cache miss)
1424 silly packumentCache full:https://registry.npmjs.org/@typescript-eslint%2ftypes set size:undefined disposed:false
1425 silly placeDep ROOT @typescript-eslint/scope-manager@8.58.2 OK for: @typescript-eslint/eslint-plugin@8.58.2 want: 8.58.2
1426 silly placeDep ROOT @typescript-eslint/type-utils@8.58.2 OK for: @typescript-eslint/eslint-plugin@8.58.2 want: 8.58.2
1427 silly placeDep ROOT @typescript-eslint/visitor-keys@8.58.2 OK for: @typescript-eslint/eslint-plugin@8.58.2 want: 8.58.2
1428 silly placeDep node_modules/@typescript-eslint/eslint-plugin ignore@7.0.5 OK for: @typescript-eslint/eslint-plugin@8.58.2 want: ^7.0.5
1429 silly placeDep ROOT ts-api-utils@2.5.0 OK for: @typescript-eslint/eslint-plugin@8.58.2 want: ^2.5.0
1430 silly fetch manifest eslint-visitor-keys@^5.0.0
1431 silly packumentCache full:https://registry.npmjs.org/eslint-visitor-keys cache-hit
1432 silly placeDep ROOT @typescript-eslint/types@8.58.2 OK for: @typescript-eslint/parser@8.58.2 want: 8.58.2
1433 silly placeDep ROOT @typescript-eslint/project-service@8.58.2 OK for: @typescript-eslint/typescript-estree@8.58.2 want: 8.58.2
1434 silly placeDep ROOT @typescript-eslint/tsconfig-utils@8.58.2 OK for: @typescript-eslint/typescript-estree@8.58.2 want: 8.58.2
1435 silly placeDep node_modules/@typescript-eslint/typescript-estree minimatch@10.2.5 OK for: @typescript-eslint/typescript-estree@8.58.2 want: ^10.2.2
1436 silly placeDep node_modules/@typescript-eslint/typescript-estree semver@7.7.4 OK for: @typescript-eslint/typescript-estree@8.58.2 want: ^7.7.3
1437 silly fetch manifest @typescript-eslint/tsconfig-utils@^8.58.2
1438 silly packumentCache full:https://registry.npmjs.org/@typescript-eslint%2ftsconfig-utils cache-miss
1439 silly fetch manifest brace-expansion@^5.0.5
1440 silly packumentCache full:https://registry.npmjs.org/brace-expansion cache-miss
1441 http cache https://registry.npmjs.org/brace-expansion 16ms (cache hit)
1442 silly packumentCache full:https://registry.npmjs.org/brace-expansion set size:65768 disposed:false
1443 http cache https://registry.npmjs.org/@typescript-eslint%2ftsconfig-utils 18ms (cache hit)
1444 silly packumentCache full:https://registry.npmjs.org/@typescript-eslint%2ftsconfig-utils set size:1103598 disposed:false
1445 silly placeDep node_modules/@typescript-eslint/visitor-keys eslint-visitor-keys@5.0.1 OK for: @typescript-eslint/visitor-keys@8.58.2 want: ^5.0.0
1446 silly placeDep ROOT escalade@3.2.0 OK for: update-browserslist-db@1.2.3 want: ^3.2.0
1447 silly placeDep ROOT punycode@2.3.1 OK for: uri-js@4.4.1 want: ^2.1.0
1448 silly placeDep ROOT esbuild@0.21.5 OK for: vite@5.4.21 want: ^0.21.3
1449 silly placeDep ROOT rollup@4.60.2 OK for: vite@5.4.21 want: ^4.20.0
1450 silly fetch manifest @esbuild/aix-ppc64@0.21.5
1451 silly packumentCache full:https://registry.npmjs.org/@esbuild%2faix-ppc64 cache-miss
1452 silly fetch manifest @esbuild/linux-arm@0.21.5
1453 silly packumentCache full:https://registry.npmjs.org/@esbuild%2flinux-arm cache-miss
1454 silly fetch manifest @esbuild/linux-x64@0.21.5
1455 silly packumentCache full:https://registry.npmjs.org/@esbuild%2flinux-x64 cache-miss
1456 silly fetch manifest @esbuild/sunos-x64@0.21.5
1457 silly packumentCache full:https://registry.npmjs.org/@esbuild%2fsunos-x64 cache-miss
1458 silly fetch manifest @esbuild/win32-x64@0.21.5
1459 silly packumentCache full:https://registry.npmjs.org/@esbuild%2fwin32-x64 cache-miss
1460 silly fetch manifest @esbuild/darwin-x64@0.21.5
1461 silly packumentCache full:https://registry.npmjs.org/@esbuild%2fdarwin-x64 cache-miss
1462 silly fetch manifest @esbuild/linux-ia32@0.21.5
1463 silly packumentCache full:https://registry.npmjs.org/@esbuild%2flinux-ia32 cache-miss
1464 silly fetch manifest @esbuild/netbsd-x64@0.21.5
1465 silly packumentCache full:https://registry.npmjs.org/@esbuild%2fnetbsd-x64 cache-miss
1466 silly fetch manifest @esbuild/win32-ia32@0.21.5
1467 silly packumentCache full:https://registry.npmjs.org/@esbuild%2fwin32-ia32 cache-miss
1468 silly fetch manifest @esbuild/android-arm@0.21.5
1469 silly packumentCache full:https://registry.npmjs.org/@esbuild%2fandroid-arm cache-miss
1470 silly fetch manifest @esbuild/android-x64@0.21.5
1471 silly packumentCache full:https://registry.npmjs.org/@esbuild%2fandroid-x64 cache-miss
1472 http fetch GET 200 https://registry.npmjs.org/@esbuild%2flinux-x64 254ms (cache miss)
1473 silly packumentCache full:https://registry.npmjs.org/@esbuild%2flinux-x64 set size:undefined disposed:false
1474 silly fetch manifest @esbuild/freebsd-x64@0.21.5
1475 silly packumentCache full:https://registry.npmjs.org/@esbuild%2ffreebsd-x64 cache-miss
1476 http fetch GET 200 https://registry.npmjs.org/@esbuild%2flinux-ia32 261ms (cache miss)
1477 silly packumentCache full:https://registry.npmjs.org/@esbuild%2flinux-ia32 set size:undefined disposed:false
1478 silly fetch manifest @esbuild/linux-arm64@0.21.5
1479 silly packumentCache full:https://registry.npmjs.org/@esbuild%2flinux-arm64 cache-miss
1480 http fetch GET 200 https://registry.npmjs.org/@esbuild%2faix-ppc64 269ms (cache miss)
1481 silly packumentCache full:https://registry.npmjs.org/@esbuild%2faix-ppc64 set size:undefined disposed:false
1482 silly fetch manifest @esbuild/linux-ppc64@0.21.5
1483 silly packumentCache full:https://registry.npmjs.org/@esbuild%2flinux-ppc64 cache-miss
1484 http fetch GET 200 https://registry.npmjs.org/@esbuild%2fsunos-x64 273ms (cache miss)
1485 silly packumentCache full:https://registry.npmjs.org/@esbuild%2fsunos-x64 set size:undefined disposed:false
1486 silly fetch manifest @esbuild/linux-s390x@0.21.5
1487 silly packumentCache full:https://registry.npmjs.org/@esbuild%2flinux-s390x cache-miss
1488 http fetch GET 200 https://registry.npmjs.org/@esbuild%2fandroid-x64 282ms (cache miss)
1489 silly packumentCache full:https://registry.npmjs.org/@esbuild%2fandroid-x64 set size:undefined disposed:false
1490 silly fetch manifest @esbuild/openbsd-x64@0.21.5
1491 silly packumentCache full:https://registry.npmjs.org/@esbuild%2fopenbsd-x64 cache-miss
1492 http fetch GET 200 https://registry.npmjs.org/@esbuild%2fnetbsd-x64 290ms (cache miss)
1493 silly packumentCache full:https://registry.npmjs.org/@esbuild%2fnetbsd-x64 set size:undefined disposed:false
1494 silly fetch manifest @esbuild/win32-arm64@0.21.5
1495 silly packumentCache full:https://registry.npmjs.org/@esbuild%2fwin32-arm64 cache-miss
1496 http fetch GET 200 https://registry.npmjs.org/@esbuild%2fwin32-x64 296ms (cache miss)
1497 silly packumentCache full:https://registry.npmjs.org/@esbuild%2fwin32-x64 set size:undefined disposed:false
1498 silly fetch manifest @esbuild/darwin-arm64@0.21.5
1499 silly packumentCache full:https://registry.npmjs.org/@esbuild%2fdarwin-arm64 cache-miss
1500 http fetch GET 200 https://registry.npmjs.org/@esbuild%2fdarwin-x64 307ms (cache miss)
1501 silly packumentCache full:https://registry.npmjs.org/@esbuild%2fdarwin-x64 set size:undefined disposed:false
1502 silly fetch manifest @esbuild/android-arm64@0.21.5
1503 silly packumentCache full:https://registry.npmjs.org/@esbuild%2fandroid-arm64 cache-miss
1504 http fetch GET 200 https://registry.npmjs.org/@esbuild%2flinux-arm 313ms (cache miss)
1505 silly packumentCache full:https://registry.npmjs.org/@esbuild%2flinux-arm set size:undefined disposed:false
1506 silly fetch manifest @esbuild/freebsd-arm64@0.21.5
1507 silly packumentCache full:https://registry.npmjs.org/@esbuild%2ffreebsd-arm64 cache-miss
1508 http fetch GET 200 https://registry.npmjs.org/@esbuild%2fandroid-arm 315ms (cache miss)
1509 silly packumentCache full:https://registry.npmjs.org/@esbuild%2fandroid-arm set size:undefined disposed:false
1510 silly fetch manifest @esbuild/linux-loong64@0.21.5
1511 silly packumentCache full:https://registry.npmjs.org/@esbuild%2flinux-loong64 cache-miss
1512 http fetch GET 200 https://registry.npmjs.org/@esbuild%2fwin32-ia32 320ms (cache miss)
1513 silly packumentCache full:https://registry.npmjs.org/@esbuild%2fwin32-ia32 set size:undefined disposed:false
1514 silly fetch manifest @esbuild/linux-riscv64@0.21.5
1515 silly packumentCache full:https://registry.npmjs.org/@esbuild%2flinux-riscv64 cache-miss
1516 http fetch GET 200 https://registry.npmjs.org/@esbuild%2ffreebsd-x64 248ms (cache miss)
1517 silly packumentCache full:https://registry.npmjs.org/@esbuild%2ffreebsd-x64 set size:undefined disposed:false
1518 silly fetch manifest @esbuild/linux-mips64el@0.21.5
1519 silly packumentCache full:https://registry.npmjs.org/@esbuild%2flinux-mips64el cache-miss
1520 http fetch GET 200 https://registry.npmjs.org/@esbuild%2flinux-arm64 252ms (cache miss)
1521 silly packumentCache full:https://registry.npmjs.org/@esbuild%2flinux-arm64 set size:undefined disposed:false
1522 silly fetch manifest @rollup/rollup-darwin-arm64@4.60.2
1523 silly packumentCache full:https://registry.npmjs.org/@rollup%2frollup-darwin-arm64 cache-miss
1524 http fetch GET 200 https://registry.npmjs.org/@esbuild%2flinux-ppc64 252ms (cache miss)
1525 silly packumentCache full:https://registry.npmjs.org/@esbuild%2flinux-ppc64 set size:undefined disposed:false
1526 silly fetch manifest @rollup/rollup-android-arm64@4.60.2
1527 silly packumentCache full:https://registry.npmjs.org/@rollup%2frollup-android-arm64 cache-miss
1528 http fetch GET 200 https://registry.npmjs.org/@esbuild%2flinux-s390x 259ms (cache miss)
1529 silly packumentCache full:https://registry.npmjs.org/@esbuild%2flinux-s390x set size:undefined disposed:false
1530 silly fetch manifest @rollup/rollup-win32-arm64-msvc@4.60.2
1531 silly packumentCache full:https://registry.npmjs.org/@rollup%2frollup-win32-arm64-msvc cache-miss
1532 http fetch GET 200 https://registry.npmjs.org/@esbuild%2fopenbsd-x64 254ms (cache miss)
1533 silly packumentCache full:https://registry.npmjs.org/@esbuild%2fopenbsd-x64 set size:undefined disposed:false
1534 silly fetch manifest @rollup/rollup-freebsd-arm64@4.60.2
1535 silly packumentCache full:https://registry.npmjs.org/@rollup%2frollup-freebsd-arm64 cache-miss
1536 http fetch GET 200 https://registry.npmjs.org/@esbuild%2ffreebsd-arm64 257ms (cache miss)
1537 silly packumentCache full:https://registry.npmjs.org/@esbuild%2ffreebsd-arm64 set size:undefined disposed:false
1538 silly fetch manifest @rollup/rollup-linux-arm64-gnu@4.60.2
1539 silly packumentCache full:https://registry.npmjs.org/@rollup%2frollup-linux-arm64-gnu cache-miss
1540 http fetch GET 200 https://registry.npmjs.org/@esbuild%2fwin32-arm64 281ms (cache miss)
1541 silly packumentCache full:https://registry.npmjs.org/@esbuild%2fwin32-arm64 set size:undefined disposed:false
1542 silly fetch manifest @rollup/rollup-linux-arm64-musl@4.60.2
1543 silly packumentCache full:https://registry.npmjs.org/@rollup%2frollup-linux-arm64-musl cache-miss
1544 http fetch GET 200 https://registry.npmjs.org/@esbuild%2fdarwin-arm64 278ms (cache miss)
1545 silly packumentCache full:https://registry.npmjs.org/@esbuild%2fdarwin-arm64 set size:undefined disposed:false
1546 silly fetch manifest @rollup/rollup-android-arm-eabi@4.60.2
1547 silly packumentCache full:https://registry.npmjs.org/@rollup%2frollup-android-arm-eabi cache-miss
1548 http fetch GET 200 https://registry.npmjs.org/@esbuild%2fandroid-arm64 271ms (cache miss)
1549 silly packumentCache full:https://registry.npmjs.org/@esbuild%2fandroid-arm64 set size:undefined disposed:false
1550 silly fetch manifest @rollup/rollup-linux-arm-gnueabihf@4.60.2
1551 silly packumentCache full:https://registry.npmjs.org/@rollup%2frollup-linux-arm-gnueabihf cache-miss
1552 http fetch GET 200 https://registry.npmjs.org/@esbuild%2flinux-riscv64 266ms (cache miss)
1553 silly packumentCache full:https://registry.npmjs.org/@esbuild%2flinux-riscv64 set size:undefined disposed:false
1554 silly fetch manifest @rollup/rollup-linux-arm-musleabihf@4.60.2
1555 silly packumentCache full:https://registry.npmjs.org/@rollup%2frollup-linux-arm-musleabihf cache-miss
1556 http fetch GET 200 https://registry.npmjs.org/@esbuild%2flinux-loong64 293ms (cache miss)
1557 silly packumentCache full:https://registry.npmjs.org/@esbuild%2flinux-loong64 set size:undefined disposed:false
1558 silly fetch manifest @rollup/rollup-win32-ia32-msvc@4.60.2
1559 silly packumentCache full:https://registry.npmjs.org/@rollup%2frollup-win32-ia32-msvc cache-miss
1560 http fetch GET 200 https://registry.npmjs.org/@esbuild%2flinux-mips64el 235ms (cache miss)
1561 silly packumentCache full:https://registry.npmjs.org/@esbuild%2flinux-mips64el set size:undefined disposed:false
1562 silly fetch manifest @rollup/rollup-linux-loong64-gnu@4.60.2
1563 silly packumentCache full:https://registry.npmjs.org/@rollup%2frollup-linux-loong64-gnu cache-miss
1564 http fetch GET 200 https://registry.npmjs.org/@rollup%2frollup-darwin-arm64 249ms (cache miss)
1565 silly packumentCache full:https://registry.npmjs.org/@rollup%2frollup-darwin-arm64 set size:undefined disposed:false
1566 silly fetch manifest @rollup/rollup-linux-loong64-musl@4.60.2
1567 silly packumentCache full:https://registry.npmjs.org/@rollup%2frollup-linux-loong64-musl cache-miss
1568 http fetch GET 200 https://registry.npmjs.org/@rollup%2frollup-android-arm64 249ms (cache miss)
1569 silly packumentCache full:https://registry.npmjs.org/@rollup%2frollup-android-arm64 set size:undefined disposed:false
1570 silly fetch manifest @rollup/rollup-linux-riscv64-gnu@4.60.2
1571 silly packumentCache full:https://registry.npmjs.org/@rollup%2frollup-linux-riscv64-gnu cache-miss
1572 http fetch GET 200 https://registry.npmjs.org/@rollup%2frollup-win32-arm64-msvc 260ms (cache miss)
1573 silly packumentCache full:https://registry.npmjs.org/@rollup%2frollup-win32-arm64-msvc set size:undefined disposed:false
1574 silly fetch manifest @rollup/rollup-linux-riscv64-musl@4.60.2
1575 silly packumentCache full:https://registry.npmjs.org/@rollup%2frollup-linux-riscv64-musl cache-miss
1576 http fetch GET 200 https://registry.npmjs.org/@rollup%2frollup-freebsd-arm64 264ms (cache miss)
1577 silly packumentCache full:https://registry.npmjs.org/@rollup%2frollup-freebsd-arm64 set size:undefined disposed:false
1578 silly fetch manifest @rollup/rollup-linux-ppc64-gnu@4.60.2
1579 silly packumentCache full:https://registry.npmjs.org/@rollup%2frollup-linux-ppc64-gnu cache-miss
1580 http fetch GET 200 https://registry.npmjs.org/@rollup%2frollup-linux-arm64-gnu 263ms (cache miss)
1581 silly packumentCache full:https://registry.npmjs.org/@rollup%2frollup-linux-arm64-gnu set size:undefined disposed:false
1582 silly fetch manifest @rollup/rollup-linux-ppc64-musl@4.60.2
1583 silly packumentCache full:https://registry.npmjs.org/@rollup%2frollup-linux-ppc64-musl cache-miss
1584 http fetch GET 200 https://registry.npmjs.org/@rollup%2frollup-linux-arm64-musl 263ms (cache miss)
1585 silly packumentCache full:https://registry.npmjs.org/@rollup%2frollup-linux-arm64-musl set size:undefined disposed:false
1586 silly fetch manifest @rollup/rollup-linux-s390x-gnu@4.60.2
1587 silly packumentCache full:https://registry.npmjs.org/@rollup%2frollup-linux-s390x-gnu cache-miss
1588 http fetch GET 200 https://registry.npmjs.org/@rollup%2frollup-linux-arm-gnueabihf 262ms (cache miss)
1589 silly packumentCache full:https://registry.npmjs.org/@rollup%2frollup-linux-arm-gnueabihf set size:undefined disposed:false
1590 silly fetch manifest @rollup/rollup-darwin-x64@4.60.2
1591 silly packumentCache full:https://registry.npmjs.org/@rollup%2frollup-darwin-x64 cache-miss
1592 http fetch GET 200 https://registry.npmjs.org/@rollup%2frollup-linux-arm-musleabihf 259ms (cache miss)
1593 silly packumentCache full:https://registry.npmjs.org/@rollup%2frollup-linux-arm-musleabihf set size:undefined disposed:false
1594 silly fetch manifest @rollup/rollup-win32-x64-gnu@4.60.2
1595 silly packumentCache full:https://registry.npmjs.org/@rollup%2frollup-win32-x64-gnu cache-miss
1596 http fetch GET 200 https://registry.npmjs.org/@rollup%2frollup-android-arm-eabi 271ms (cache miss)
1597 silly packumentCache full:https://registry.npmjs.org/@rollup%2frollup-android-arm-eabi set size:undefined disposed:false
1598 silly fetch manifest @rollup/rollup-win32-x64-msvc@4.60.2
1599 silly packumentCache full:https://registry.npmjs.org/@rollup%2frollup-win32-x64-msvc cache-miss
1600 http fetch GET 200 https://registry.npmjs.org/@rollup%2frollup-win32-ia32-msvc 281ms (cache miss)
1601 silly packumentCache full:https://registry.npmjs.org/@rollup%2frollup-win32-ia32-msvc set size:undefined disposed:false
1602 silly fetch manifest @rollup/rollup-freebsd-x64@4.60.2
1603 silly packumentCache full:https://registry.npmjs.org/@rollup%2frollup-freebsd-x64 cache-miss
1604 http fetch GET 200 https://registry.npmjs.org/@rollup%2frollup-linux-loong64-gnu 231ms (cache miss)
1605 silly packumentCache full:https://registry.npmjs.org/@rollup%2frollup-linux-loong64-gnu set size:undefined disposed:false
1606 silly fetch manifest @rollup/rollup-linux-x64-gnu@4.60.2
1607 silly packumentCache full:https://registry.npmjs.org/@rollup%2frollup-linux-x64-gnu cache-miss
1608 http fetch GET 200 https://registry.npmjs.org/@rollup%2frollup-linux-riscv64-gnu 247ms (cache miss)
1609 silly packumentCache full:https://registry.npmjs.org/@rollup%2frollup-linux-riscv64-gnu set size:undefined disposed:false
1610 silly fetch manifest @rollup/rollup-linux-x64-musl@4.60.2
1611 silly packumentCache full:https://registry.npmjs.org/@rollup%2frollup-linux-x64-musl cache-miss
1612 http fetch GET 200 https://registry.npmjs.org/@rollup%2frollup-linux-loong64-musl 260ms (cache miss)
1613 silly packumentCache full:https://registry.npmjs.org/@rollup%2frollup-linux-loong64-musl set size:undefined disposed:false
1614 silly fetch manifest @rollup/rollup-openbsd-x64@4.60.2
1615 silly packumentCache full:https://registry.npmjs.org/@rollup%2frollup-openbsd-x64 cache-miss
1616 http fetch GET 200 https://registry.npmjs.org/@rollup%2frollup-linux-riscv64-musl 245ms (cache miss)
1617 silly packumentCache full:https://registry.npmjs.org/@rollup%2frollup-linux-riscv64-musl set size:undefined disposed:false
1618 silly fetch manifest @rollup/rollup-openharmony-arm64@4.60.2
1619 silly packumentCache full:https://registry.npmjs.org/@rollup%2frollup-openharmony-arm64 cache-miss
1620 http fetch GET 200 https://registry.npmjs.org/@rollup%2frollup-linux-ppc64-gnu 249ms (cache miss)
1621 silly packumentCache full:https://registry.npmjs.org/@rollup%2frollup-linux-ppc64-gnu set size:undefined disposed:false
1622 http fetch GET 200 https://registry.npmjs.org/@rollup%2frollup-linux-ppc64-musl 248ms (cache miss)
1623 silly packumentCache full:https://registry.npmjs.org/@rollup%2frollup-linux-ppc64-musl set size:undefined disposed:false
1624 http fetch GET 200 https://registry.npmjs.org/@rollup%2frollup-win32-x64-msvc 252ms (cache miss)
1625 silly packumentCache full:https://registry.npmjs.org/@rollup%2frollup-win32-x64-msvc set size:undefined disposed:false
1626 http fetch GET 200 https://registry.npmjs.org/@rollup%2frollup-win32-x64-gnu 258ms (cache miss)
1627 silly packumentCache full:https://registry.npmjs.org/@rollup%2frollup-win32-x64-gnu set size:undefined disposed:false
1628 http fetch GET 200 https://registry.npmjs.org/@rollup%2frollup-linux-s390x-gnu 266ms (cache miss)
1629 silly packumentCache full:https://registry.npmjs.org/@rollup%2frollup-linux-s390x-gnu set size:undefined disposed:false
1630 http fetch GET 200 https://registry.npmjs.org/@rollup%2frollup-darwin-x64 265ms (cache miss)
1631 silly packumentCache full:https://registry.npmjs.org/@rollup%2frollup-darwin-x64 set size:undefined disposed:false
1632 http fetch GET 200 https://registry.npmjs.org/@rollup%2frollup-freebsd-x64 246ms (cache miss)
1633 silly packumentCache full:https://registry.npmjs.org/@rollup%2frollup-freebsd-x64 set size:undefined disposed:false
1634 http fetch GET 200 https://registry.npmjs.org/@rollup%2frollup-linux-x64-gnu 232ms (cache miss)
1635 silly packumentCache full:https://registry.npmjs.org/@rollup%2frollup-linux-x64-gnu set size:undefined disposed:false
1636 http fetch GET 200 https://registry.npmjs.org/@rollup%2frollup-openbsd-x64 235ms (cache miss)
1637 silly packumentCache full:https://registry.npmjs.org/@rollup%2frollup-openbsd-x64 set size:undefined disposed:false
1638 http fetch GET 200 https://registry.npmjs.org/@rollup%2frollup-linux-x64-musl 242ms (cache miss)
1639 silly packumentCache full:https://registry.npmjs.org/@rollup%2frollup-linux-x64-musl set size:undefined disposed:false
1640 http fetch GET 200 https://registry.npmjs.org/@rollup%2frollup-openharmony-arm64 250ms (cache miss)
1641 silly packumentCache full:https://registry.npmjs.org/@rollup%2frollup-openharmony-arm64 set size:undefined disposed:false
1642 silly placeDep ROOT @esbuild/aix-ppc64@0.21.5 OK for: esbuild@0.21.5 want: 0.21.5
1643 silly placeDep ROOT @esbuild/android-arm@0.21.5 OK for: esbuild@0.21.5 want: 0.21.5
1644 silly placeDep ROOT @esbuild/android-arm64@0.21.5 OK for: esbuild@0.21.5 want: 0.21.5
1645 silly placeDep ROOT @esbuild/android-x64@0.21.5 OK for: esbuild@0.21.5 want: 0.21.5
1646 silly placeDep ROOT @esbuild/darwin-arm64@0.21.5 OK for: esbuild@0.21.5 want: 0.21.5
1647 silly placeDep ROOT @esbuild/darwin-x64@0.21.5 OK for: esbuild@0.21.5 want: 0.21.5
1648 silly placeDep ROOT @esbuild/freebsd-arm64@0.21.5 OK for: esbuild@0.21.5 want: 0.21.5
1649 silly placeDep ROOT @esbuild/freebsd-x64@0.21.5 OK for: esbuild@0.21.5 want: 0.21.5
1650 silly placeDep ROOT @esbuild/linux-arm@0.21.5 OK for: esbuild@0.21.5 want: 0.21.5
1651 silly placeDep ROOT @esbuild/linux-arm64@0.21.5 OK for: esbuild@0.21.5 want: 0.21.5
1652 silly placeDep ROOT @esbuild/linux-ia32@0.21.5 OK for: esbuild@0.21.5 want: 0.21.5
1653 silly placeDep ROOT @esbuild/linux-loong64@0.21.5 OK for: esbuild@0.21.5 want: 0.21.5
1654 silly placeDep ROOT @esbuild/linux-mips64el@0.21.5 OK for: esbuild@0.21.5 want: 0.21.5
1655 silly placeDep ROOT @esbuild/linux-ppc64@0.21.5 OK for: esbuild@0.21.5 want: 0.21.5
1656 silly placeDep ROOT @esbuild/linux-riscv64@0.21.5 OK for: esbuild@0.21.5 want: 0.21.5
1657 silly placeDep ROOT @esbuild/linux-s390x@0.21.5 OK for: esbuild@0.21.5 want: 0.21.5
1658 silly placeDep ROOT @esbuild/linux-x64@0.21.5 OK for: esbuild@0.21.5 want: 0.21.5
1659 silly placeDep ROOT @esbuild/netbsd-x64@0.21.5 OK for: esbuild@0.21.5 want: 0.21.5
1660 silly placeDep ROOT @esbuild/openbsd-x64@0.21.5 OK for: esbuild@0.21.5 want: 0.21.5
1661 silly placeDep ROOT @esbuild/sunos-x64@0.21.5 OK for: esbuild@0.21.5 want: 0.21.5
1662 silly placeDep ROOT @esbuild/win32-arm64@0.21.5 OK for: esbuild@0.21.5 want: 0.21.5
1663 silly placeDep ROOT @esbuild/win32-ia32@0.21.5 OK for: esbuild@0.21.5 want: 0.21.5
1664 silly placeDep ROOT @esbuild/win32-x64@0.21.5 OK for: esbuild@0.21.5 want: 0.21.5
1665 silly placeDep ROOT @rollup/rollup-android-arm-eabi@4.60.2 OK for: rollup@4.60.2 want: 4.60.2
1666 silly placeDep ROOT @rollup/rollup-android-arm64@4.60.2 OK for: rollup@4.60.2 want: 4.60.2
1667 silly placeDep ROOT @rollup/rollup-darwin-arm64@4.60.2 OK for: rollup@4.60.2 want: 4.60.2
1668 silly placeDep ROOT @rollup/rollup-darwin-x64@4.60.2 OK for: rollup@4.60.2 want: 4.60.2
1669 silly placeDep ROOT @rollup/rollup-freebsd-arm64@4.60.2 OK for: rollup@4.60.2 want: 4.60.2
1670 silly placeDep ROOT @rollup/rollup-freebsd-x64@4.60.2 OK for: rollup@4.60.2 want: 4.60.2
1671 silly placeDep ROOT @rollup/rollup-linux-arm-gnueabihf@4.60.2 OK for: rollup@4.60.2 want: 4.60.2
1672 silly placeDep ROOT @rollup/rollup-linux-arm-musleabihf@4.60.2 OK for: rollup@4.60.2 want: 4.60.2
1673 silly placeDep ROOT @rollup/rollup-linux-arm64-gnu@4.60.2 OK for: rollup@4.60.2 want: 4.60.2
1674 silly placeDep ROOT @rollup/rollup-linux-arm64-musl@4.60.2 OK for: rollup@4.60.2 want: 4.60.2
1675 silly placeDep ROOT @rollup/rollup-linux-loong64-gnu@4.60.2 OK for: rollup@4.60.2 want: 4.60.2
1676 silly placeDep ROOT @rollup/rollup-linux-loong64-musl@4.60.2 OK for: rollup@4.60.2 want: 4.60.2
1677 silly placeDep ROOT @rollup/rollup-linux-ppc64-gnu@4.60.2 OK for: rollup@4.60.2 want: 4.60.2
1678 silly placeDep ROOT @rollup/rollup-linux-ppc64-musl@4.60.2 OK for: rollup@4.60.2 want: 4.60.2
1679 silly placeDep ROOT @rollup/rollup-linux-riscv64-gnu@4.60.2 OK for: rollup@4.60.2 want: 4.60.2
1680 silly placeDep ROOT @rollup/rollup-linux-riscv64-musl@4.60.2 OK for: rollup@4.60.2 want: 4.60.2
1681 silly placeDep ROOT @rollup/rollup-linux-s390x-gnu@4.60.2 OK for: rollup@4.60.2 want: 4.60.2
1682 silly placeDep ROOT @rollup/rollup-linux-x64-gnu@4.60.2 OK for: rollup@4.60.2 want: 4.60.2
1683 silly placeDep ROOT @rollup/rollup-linux-x64-musl@4.60.2 OK for: rollup@4.60.2 want: 4.60.2
1684 silly placeDep ROOT @rollup/rollup-openbsd-x64@4.60.2 OK for: rollup@4.60.2 want: 4.60.2
1685 silly placeDep ROOT @rollup/rollup-openharmony-arm64@4.60.2 OK for: rollup@4.60.2 want: 4.60.2
1686 silly placeDep ROOT @rollup/rollup-win32-arm64-msvc@4.60.2 OK for: rollup@4.60.2 want: 4.60.2
1687 silly placeDep ROOT @rollup/rollup-win32-ia32-msvc@4.60.2 OK for: rollup@4.60.2 want: 4.60.2
1688 silly placeDep ROOT @rollup/rollup-win32-x64-gnu@4.60.2 OK for: rollup@4.60.2 want: 4.60.2
1689 silly placeDep ROOT @rollup/rollup-win32-x64-msvc@4.60.2 OK for: rollup@4.60.2 want: 4.60.2
1690 silly placeDep ROOT isexe@2.0.0 OK for: which@2.0.2 want: ^2.0.0
1691 silly fetch manifest react@>=16.8
1692 silly packumentCache full:https://registry.npmjs.org/react cache-miss
1693 http cache https://registry.npmjs.org/react 16ms (cache hit)
1694 silly packumentCache full:https://registry.npmjs.org/react set size:6613874 disposed:false
1695 silly placeDep ROOT use-sync-external-store@1.6.0 OK for: zustand@4.5.7 want: ^1.2.2
1696 silly placeDep node_modules/@typescript-eslint/typescript-estree brace-expansion@5.0.5 OK for: minimatch@10.2.5 want: ^5.0.5
1697 silly fetch manifest balanced-match@^4.0.2
1698 silly packumentCache full:https://registry.npmjs.org/balanced-match cache-miss
1699 http cache https://registry.npmjs.org/balanced-match 5ms (cache hit)
1700 silly packumentCache full:https://registry.npmjs.org/balanced-match set size:39082 disposed:false
1701 silly placeDep node_modules/@typescript-eslint/typescript-estree balanced-match@4.0.4 OK for: brace-expansion@5.0.5 want: ^4.0.2
1702 silly reify moves {}
1703 silly audit bulk request {
1703 silly audit   '@dnd-kit/core': [ '6.3.1' ],
1703 silly audit   react: [ '18.3.1' ],
1703 silly audit   'react-dom': [ '18.3.1' ],
1703 silly audit   '@dnd-kit/sortable': [ '8.0.0' ],
1703 silly audit   '@dnd-kit/utilities': [ '3.2.2' ],
1703 silly audit   '@eslint/js': [ '9.39.4' ],
1703 silly audit   '@types/react': [ '18.3.28' ],
1703 silly audit   '@types/react-dom': [ '18.3.7' ],
1703 silly audit   '@vitejs/plugin-react': [ '4.7.0' ],
1703 silly audit   vite: [ '5.4.21' ],
1703 silly audit   autoprefixer: [ '10.5.0' ],
1703 silly audit   postcss: [ '8.5.10' ],
1703 silly audit   'date-fns': [ '3.6.0' ],
1703 silly audit   eslint: [ '9.39.4' ],
1703 silly audit   'eslint-plugin-react-hooks': [ '5.2.0' ],
1703 silly audit   'eslint-plugin-react-refresh': [ '0.4.26' ],
1703 silly audit   globals: [ '15.15.0', '14.0.0' ],
1703 silly audit   'lucide-react': [ '0.378.0' ],
1703 silly audit   tailwindcss: [ '3.4.19' ],
1703 silly audit   typescript: [ '5.9.3' ],
1703 silly audit   'typescript-eslint': [ '8.58.2' ],
1703 silly audit   zustand: [ '4.5.7' ],
1703 silly audit   '@dnd-kit/accessibility': [ '3.1.1' ],
1703 silly audit   tslib: [ '2.8.1' ],
1703 silly audit   '@types/prop-types': [ '15.7.15' ],
1703 silly audit   csstype: [ '3.2.3' ],
1703 silly audit   '@babel/core': [ '7.29.0' ],
1703 silly audit   '@babel/plugin-transform-react-jsx-self': [ '7.27.1' ],
1703 silly audit   '@babel/plugin-transform-react-jsx-source': [ '7.27.1' ],
1703 silly audit   '@rolldown/pluginutils': [ '1.0.0-beta.27' ],
1703 silly audit   '@types/babel__core': [ '7.20.5' ],
1703 silly audit   'react-refresh': [ '0.17.0' ],
1703 silly audit   '@babel/code-frame': [ '7.29.0' ],
1703 silly audit   '@babel/generator': [ '7.29.1' ],
1703 silly audit   '@babel/helper-compilation-targets': [ '7.28.6' ],
1703 silly audit   '@babel/helper-module-transforms': [ '7.28.6' ],
1703 silly audit   '@babel/helpers': [ '7.29.2' ],
1703 silly audit   '@babel/parser': [ '7.29.2' ],
1703 silly audit   '@babel/template': [ '7.28.6' ],
1703 silly audit   '@babel/traverse': [ '7.29.0' ],
1703 silly audit   '@babel/types': [ '7.29.0' ],
1703 silly audit   '@jridgewell/remapping': [ '2.3.5' ],
1703 silly audit   'convert-source-map': [ '2.0.0' ],
1703 silly audit   debug: [ '4.4.3' ],
1703 silly audit   gensync: [ '1.0.0-beta.2' ],
1703 silly audit   json5: [ '2.2.3' ],
1703 silly audit   semver: [ '6.3.1', '7.7.4' ],
1703 silly audit   '@babel/helper-validator-identifier': [ '7.28.5' ],
1703 silly audit   'js-tokens': [ '4.0.0' ],
1703 silly audit   picocolors: [ '1.1.1' ],
1703 silly audit   '@jridgewell/gen-mapping': [ '0.3.13' ],
1703 silly audit   '@jridgewell/trace-mapping': [ '0.3.31' ],
1703 silly audit   jsesc: [ '3.1.0' ],
1703 silly audit   '@babel/compat-data': [ '7.29.0' ],
1703 silly audit   '@babel/helper-validator-option': [ '7.27.1' ],
1703 silly audit   browserslist: [ '4.28.2' ],
1703 silly audit   'lru-cache': [ '5.1.1' ],
1703 silly audit   '@babel/helper-module-imports': [ '7.28.6' ],
1703 silly audit   '@babel/helper-plugin-utils': [ '7.28.6' ],
1703 silly audit   '@babel/helper-globals': [ '7.28.0' ],
1703 silly audit   '@babel/helper-string-parser': [ '7.27.1' ],
1703 silly audit   '@jridgewell/sourcemap-codec': [ '1.5.5' ],
1703 silly audit   '@jridgewell/resolve-uri': [ '3.1.2' ],
1703 silly audit   '@types/babel__generator': [ '7.27.0' ],
1703 silly audit   '@types/babel__template': [ '7.4.4' ],
1703 silly audit   '@types/babel__traverse': [ '7.28.0' ],
1703 silly audit   'caniuse-lite': [ '1.0.30001788' ],
1703 silly audit   'fraction.js': [ '5.3.4' ],
1703 silly audit   'postcss-value-parser': [ '4.2.0' ],
1703 silly audit   'baseline-browser-mapping': [ '2.10.20' ],
1703 silly audit   'electron-to-chromium': [ '1.5.340' ],
1703 silly audit   'node-releases': [ '2.0.37' ],
1703 silly audit   'update-browserslist-db': [ '1.2.3' ],
1703 silly audit   ms: [ '2.1.3' ],
1703 silly audit   '@eslint-community/eslint-utils': [ '4.9.1' ],
1703 silly audit   '@eslint-community/regexpp': [ '4.12.2' ],
1703 silly audit   '@eslint/config-array': [ '0.21.2' ],
1703 silly audit   '@eslint/config-helpers': [ '0.4.2' ],
1703 silly audit   '@eslint/core': [ '0.17.0' ],
1703 silly audit   '@eslint/eslintrc': [ '3.3.5' ],
1703 silly audit   '@eslint/plugin-kit': [ '0.4.1' ],
1703 silly audit   '@humanfs/node': [ '0.16.8' ],
1703 silly audit   '@humanwhocodes/module-importer': [ '1.0.1' ],
1703 silly audit   '@humanwhocodes/retry': [ '0.4.3' ],
1703 silly audit   '@types/estree': [ '1.0.8' ],
1703 silly audit   ajv: [ '6.14.0' ],
1703 silly audit   chalk: [ '4.1.2' ],
1703 silly audit   'cross-spawn': [ '7.0.6' ],
1703 silly audit   'escape-string-regexp': [ '4.0.0' ],
1703 silly audit   'eslint-scope': [ '8.4.0' ],
1703 silly audit   'eslint-visitor-keys': [ '4.2.1', '3.4.3', '5.0.1' ],
1703 silly audit   espree: [ '10.4.0' ],
1703 silly audit   esquery: [ '1.7.0' ],
1703 silly audit   esutils: [ '2.0.3' ],
1703 silly audit   'fast-deep-equal': [ '3.1.3' ],
1703 silly audit   'file-entry-cache': [ '8.0.0' ],
1703 silly audit   'find-up': [ '5.0.0' ],
1703 silly audit   'glob-parent': [ '6.0.2', '5.1.2' ],
1703 silly audit   ignore: [ '5.3.2', '7.0.5' ],
1703 silly audit   imurmurhash: [ '0.1.4' ],
1703 silly audit   'is-glob': [ '4.0.3' ],
1703 silly audit   'json-stable-stringify-without-jsonify': [ '1.0.1' ],
1703 silly audit   'lodash.merge': [ '4.6.2' ],
1703 silly audit   minimatch: [ '3.1.5', '10.2.5' ],
1703 silly audit   'natural-compare': [ '1.4.0' ],
1703 silly audit   optionator: [ '0.9.4' ],
1703 silly audit   '@eslint/object-schema': [ '2.1.7' ],
1703 silly audit   '@types/json-schema': [ '7.0.15' ],
1703 silly audit   'import-fresh': [ '3.3.1' ],
1703 silly audit   'js-yaml': [ '4.1.1' ],
1703 silly audit   'strip-json-comments': [ '3.1.1' ],
1703 silly audit   levn: [ '0.4.1' ],
1703 silly audit   '@humanfs/core': [ '0.19.2' ],
1703 silly audit   '@humanfs/types': [ '0.15.0' ],
1703 silly audit   'fast-json-stable-stringify': [ '2.1.0' ],
1703 silly audit   'json-schema-traverse': [ '0.4.1' ],
1703 silly audit   'uri-js': [ '4.4.1' ],
1703 silly audit   'ansi-styles': [ '4.3.0' ],
1703 silly audit   'supports-color': [ '7.2.0' ],
1703 silly audit   'color-convert': [ '2.0.1' ],
1703 silly audit   'color-name': [ '1.1.4' ],
1703 silly audit   'path-key': [ '3.1.1' ],
1703 silly audit   'shebang-command': [ '2.0.0' ],
1703 silly audit   which: [ '2.0.2' ],
1703 silly audit   esrecurse: [ '4.3.0' ],
1703 silly audit   estraverse: [ '5.3.0' ],
1703 silly audit   acorn: [ '8.16.0' ],
1703 silly audit   'acorn-jsx': [ '5.3.2' ],
1703 silly audit   'flat-cache': [ '4.0.1' ],
1703 silly audit   'locate-path': [ '6.0.0' ],
1703 silly audit   'path-exists': [ '4.0.0' ],
1703 silly audit   flatted: [ '3.4.2' ],
1703 silly audit   keyv: [ '4.5.4' ],
1703 silly audit   'parent-module': [ '1.0.1' ],
1703 silly audit   'resolve-from': [ '4.0.0' ],
1703 silly audit   'is-extglob': [ '2.1.1' ],
1703 silly audit   argparse: [ '2.0.1' ],
1703 silly audit   'json-buffer': [ '3.0.1' ],
1703 silly audit   'prelude-ls': [ '1.2.1' ],
1703 silly audit   'type-check': [ '0.4.0' ],
1703 silly audit   'p-locate': [ '5.0.0' ],
1703 silly audit   yallist: [ '3.1.1' ],
1703 silly audit   'brace-expansion': [ '1.1.14', '5.0.5' ],
1703 silly audit   'balanced-match': [ '1.0.2', '4.0.4' ],
1703 silly audit   'concat-map': [ '0.0.1' ],
1703 silly audit   'deep-is': [ '0.1.4' ],
1703 silly audit   'fast-levenshtein': [ '2.0.6' ],
1703 silly audit   'word-wrap': [ '1.2.5' ],
1703 silly audit   'p-limit': [ '3.1.0' ],
1703 silly audit   'yocto-queue': [ '0.1.0' ],
1703 silly audit   callsites: [ '3.1.0' ],
1703 silly audit   nanoid: [ '3.3.11' ],
1703 silly audit   'source-map-js': [ '1.2.1' ],
1703 silly audit   'loose-envify': [ '1.4.0' ],
1703 silly audit   scheduler: [ '0.23.2' ],
1703 silly audit   'shebang-regex': [ '3.0.0' ],
1703 silly audit   'has-flag': [ '4.0.0' ],
1703 silly audit   '@alloc/quick-lru': [ '5.2.0' ],
1703 silly audit   arg: [ '5.0.2' ],
1703 silly audit   chokidar: [ '3.6.0' ],
1703 silly audit   didyoumean: [ '1.2.2' ],
1703 silly audit   dlv: [ '1.1.3' ],
1703 silly audit   'fast-glob': [ '3.3.3' ],
1703 silly audit   jiti: [ '1.21.7' ],
1703 silly audit   lilconfig: [ '3.1.3' ],
1703 silly audit   micromatch: [ '4.0.8' ],
1703 silly audit   'normalize-path': [ '3.0.0' ],
1703 silly audit   'object-hash': [ '3.0.0' ],
1703 silly audit   'postcss-import': [ '15.1.0' ],
1703 silly audit   'postcss-js': [ '4.1.0' ],
1703 silly audit   'postcss-load-config': [ '6.0.1' ],
1703 silly audit   'postcss-nested': [ '6.2.0' ],
1703 silly audit   'postcss-selector-parser': [ '6.1.2' ],
1703 silly audit   resolve: [ '1.22.12' ],
1703 silly audit   sucrase: [ '3.35.1' ],
1703 silly audit   anymatch: [ '3.1.3' ],
1703 silly audit   braces: [ '3.0.3' ],
1703 silly audit   fsevents: [ '2.3.3' ],
1703 silly audit   'is-binary-path': [ '2.1.0' ],
1703 silly audit   readdirp: [ '3.6.0' ],
1703 silly audit   picomatch: [ '2.3.2', '4.0.4' ],
1703 silly audit   'fill-range': [ '7.1.1' ],
1703 silly audit   '@nodelib/fs.stat': [ '2.0.5' ],
1703 silly audit   '@nodelib/fs.walk': [ '1.2.8' ],
1703 silly audit   merge2: [ '1.4.1' ],
1703 silly audit   '@nodelib/fs.scandir': [ '2.1.5' ],
1703 silly audit   fastq: [ '1.20.1' ],
1703 silly audit   'run-parallel': [ '1.2.0' ],
1703 silly audit   reusify: [ '1.1.0' ],
1703 silly audit   'to-regex-range': [ '5.0.1' ],
1703 silly audit   'binary-extensions': [ '2.3.0' ],
1703 silly audit   'read-cache': [ '1.0.0' ],
1703 silly audit   'camelcase-css': [ '2.0.1' ],
1703 silly audit   cssesc: [ '3.0.0' ],
1703 silly audit   'util-deprecate': [ '1.0.2' ],
1703 silly audit   pify: [ '2.3.0' ],
1703 silly audit   'es-errors': [ '1.3.0' ],
1703 silly audit   'is-core-module': [ '2.16.1' ],
1703 silly audit   'path-parse': [ '1.0.7' ],
1703 silly audit   'supports-preserve-symlinks-flag': [ '1.0.0' ],
1703 silly audit   hasown: [ '2.0.3' ],
1703 silly audit   'function-bind': [ '1.1.2' ],
1703 silly audit   'queue-microtask': [ '1.2.3' ],
1703 silly audit   commander: [ '4.1.1' ],
1703 silly audit   'lines-and-columns': [ '1.2.4' ],
1703 silly audit   mz: [ '2.7.0' ],
1703 silly audit   pirates: [ '4.0.7' ],
1703 silly audit   tinyglobby: [ '0.2.16' ],
1703 silly audit   'ts-interface-checker': [ '0.1.13' ],
1703 silly audit   'any-promise': [ '1.3.0' ],
1703 silly audit   'object-assign': [ '4.1.1' ],
1703 silly audit   'thenify-all': [ '1.6.0' ],
1703 silly audit   thenify: [ '3.3.1' ],
1703 silly audit   fdir: [ '6.5.0' ],
1703 silly audit   'is-number': [ '7.0.0' ],
1703 silly audit   '@typescript-eslint/eslint-plugin': [ '8.58.2' ],
1703 silly audit   '@typescript-eslint/parser': [ '8.58.2' ],
1703 silly audit   '@typescript-eslint/typescript-estree': [ '8.58.2' ],
1703 silly audit   '@typescript-eslint/utils': [ '8.58.2' ],
1703 silly audit   '@typescript-eslint/scope-manager': [ '8.58.2' ],
1703 silly audit   '@typescript-eslint/type-utils': [ '8.58.2' ],
1703 silly audit   '@typescript-eslint/visitor-keys': [ '8.58.2' ],
1703 silly audit   'ts-api-utils': [ '2.5.0' ],
1703 silly audit   '@typescript-eslint/types': [ '8.58.2' ],
1703 silly audit   '@typescript-eslint/project-service': [ '8.58.2' ],
1703 silly audit   '@typescript-eslint/tsconfig-utils': [ '8.58.2' ],
1703 silly audit   escalade: [ '3.2.0' ],
1703 silly audit   punycode: [ '2.3.1' ],
1703 silly audit   esbuild: [ '0.21.5' ],
1703 silly audit   rollup: [ '4.60.2' ],
1703 silly audit   '@esbuild/aix-ppc64': [ '0.21.5' ],
1703 silly audit   '@esbuild/android-arm': [ '0.21.5' ],
1703 silly audit   '@esbuild/android-arm64': [ '0.21.5' ],
1703 silly audit   '@esbuild/android-x64': [ '0.21.5' ],
1703 silly audit   '@esbuild/darwin-arm64': [ '0.21.5' ],
1703 silly audit   '@esbuild/darwin-x64': [ '0.21.5' ],
1703 silly audit   '@esbuild/freebsd-arm64': [ '0.21.5' ],
1703 silly audit   '@esbuild/freebsd-x64': [ '0.21.5' ],
1703 silly audit   '@esbuild/linux-arm': [ '0.21.5' ],
1703 silly audit   '@esbuild/linux-arm64': [ '0.21.5' ],
1703 silly audit   '@esbuild/linux-ia32': [ '0.21.5' ],
1703 silly audit   '@esbuild/linux-loong64': [ '0.21.5' ],
1703 silly audit   '@esbuild/linux-mips64el': [ '0.21.5' ],
1703 silly audit   '@esbuild/linux-ppc64': [ '0.21.5' ],
1703 silly audit   '@esbuild/linux-riscv64': [ '0.21.5' ],
1703 silly audit   '@esbuild/linux-s390x': [ '0.21.5' ],
1703 silly audit   '@esbuild/linux-x64': [ '0.21.5' ],
1703 silly audit   '@esbuild/netbsd-x64': [ '0.21.5' ],
1703 silly audit   '@esbuild/openbsd-x64': [ '0.21.5' ],
1703 silly audit   '@esbuild/sunos-x64': [ '0.21.5' ],
1703 silly audit   '@esbuild/win32-arm64': [ '0.21.5' ],
1703 silly audit   '@esbuild/win32-ia32': [ '0.21.5' ],
1703 silly audit   '@esbuild/win32-x64': [ '0.21.5' ],
1703 silly audit   '@rollup/rollup-android-arm-eabi': [ '4.60.2' ],
1703 silly audit   '@rollup/rollup-android-arm64': [ '4.60.2' ],
1703 silly audit   '@rollup/rollup-darwin-arm64': [ '4.60.2' ],
1703 silly audit   '@rollup/rollup-darwin-x64': [ '4.60.2' ],
1703 silly audit   '@rollup/rollup-freebsd-arm64': [ '4.60.2' ],
1703 silly audit   '@rollup/rollup-freebsd-x64': [ '4.60.2' ],
1703 silly audit   '@rollup/rollup-linux-arm-gnueabihf': [ '4.60.2' ],
1703 silly audit   '@rollup/rollup-linux-arm-musleabihf': [ '4.60.2' ],
1703 silly audit   '@rollup/rollup-linux-arm64-gnu': [ '4.60.2' ],
1703 silly audit   '@rollup/rollup-linux-arm64-musl': [ '4.60.2' ],
1703 silly audit   '@rollup/rollup-linux-loong64-gnu': [ '4.60.2' ],
1703 silly audit   '@rollup/rollup-linux-loong64-musl': [ '4.60.2' ],
1703 silly audit   '@rollup/rollup-linux-ppc64-gnu': [ '4.60.2' ],
1703 silly audit   '@rollup/rollup-linux-ppc64-musl': [ '4.60.2' ],
1703 silly audit   '@rollup/rollup-linux-riscv64-gnu': [ '4.60.2' ],
1703 silly audit   '@rollup/rollup-linux-riscv64-musl': [ '4.60.2' ],
1703 silly audit   '@rollup/rollup-linux-s390x-gnu': [ '4.60.2' ],
1703 silly audit   '@rollup/rollup-linux-x64-gnu': [ '4.60.2' ],
1703 silly audit   '@rollup/rollup-linux-x64-musl': [ '4.60.2' ],
1703 silly audit   '@rollup/rollup-openbsd-x64': [ '4.60.2' ],
1703 silly audit   '@rollup/rollup-openharmony-arm64': [ '4.60.2' ],
1703 silly audit   '@rollup/rollup-win32-arm64-msvc': [ '4.60.2' ],
1703 silly audit   '@rollup/rollup-win32-ia32-msvc': [ '4.60.2' ],
1703 silly audit   '@rollup/rollup-win32-x64-gnu': [ '4.60.2' ],
1703 silly audit   '@rollup/rollup-win32-x64-msvc': [ '4.60.2' ],
1703 silly audit   isexe: [ '2.0.0' ],
1703 silly audit   'use-sync-external-store': [ '1.6.0' ]
1703 silly audit }
1704 verbose reify failed optional dependency E:\zhihe\GSB\glm\node_modules\@rollup\rollup-win32-ia32-msvc
1705 silly reify mark deleted [
1705 silly reify   'E:\\zhihe\\GSB\\glm\\node_modules\\@rollup\\rollup-win32-ia32-msvc'
1705 silly reify ]
1706 verbose reify failed optional dependency E:\zhihe\GSB\glm\node_modules\@rollup\rollup-win32-arm64-msvc
1707 silly reify mark deleted [
1707 silly reify   'E:\\zhihe\\GSB\\glm\\node_modules\\@rollup\\rollup-win32-arm64-msvc'
1707 silly reify ]
1708 verbose reify failed optional dependency E:\zhihe\GSB\glm\node_modules\@rollup\rollup-openharmony-arm64
1709 silly reify mark deleted [
1709 silly reify   'E:\\zhihe\\GSB\\glm\\node_modules\\@rollup\\rollup-openharmony-arm64'
1709 silly reify ]
1710 verbose reify failed optional dependency E:\zhihe\GSB\glm\node_modules\@rollup\rollup-openbsd-x64
1711 silly reify mark deleted [ 'E:\\zhihe\\GSB\\glm\\node_modules\\@rollup\\rollup-openbsd-x64' ]
1712 verbose reify failed optional dependency E:\zhihe\GSB\glm\node_modules\@rollup\rollup-linux-x64-musl
1713 silly reify mark deleted [ 'E:\\zhihe\\GSB\\glm\\node_modules\\@rollup\\rollup-linux-x64-musl' ]
1714 verbose reify failed optional dependency E:\zhihe\GSB\glm\node_modules\@rollup\rollup-linux-x64-gnu
1715 silly reify mark deleted [ 'E:\\zhihe\\GSB\\glm\\node_modules\\@rollup\\rollup-linux-x64-gnu' ]
1716 verbose reify failed optional dependency E:\zhihe\GSB\glm\node_modules\@rollup\rollup-linux-s390x-gnu
1717 silly reify mark deleted [
1717 silly reify   'E:\\zhihe\\GSB\\glm\\node_modules\\@rollup\\rollup-linux-s390x-gnu'
1717 silly reify ]
1718 verbose reify failed optional dependency E:\zhihe\GSB\glm\node_modules\@rollup\rollup-linux-riscv64-musl
1719 silly reify mark deleted [
1719 silly reify   'E:\\zhihe\\GSB\\glm\\node_modules\\@rollup\\rollup-linux-riscv64-musl'
1719 silly reify ]
1720 verbose reify failed optional dependency E:\zhihe\GSB\glm\node_modules\@rollup\rollup-linux-riscv64-gnu
1721 silly reify mark deleted [
1721 silly reify   'E:\\zhihe\\GSB\\glm\\node_modules\\@rollup\\rollup-linux-riscv64-gnu'
1721 silly reify ]
1722 verbose reify failed optional dependency E:\zhihe\GSB\glm\node_modules\@rollup\rollup-linux-ppc64-musl
1723 silly reify mark deleted [
1723 silly reify   'E:\\zhihe\\GSB\\glm\\node_modules\\@rollup\\rollup-linux-ppc64-musl'
1723 silly reify ]
1724 verbose reify failed optional dependency E:\zhihe\GSB\glm\node_modules\@rollup\rollup-linux-ppc64-gnu
1725 silly reify mark deleted [
1725 silly reify   'E:\\zhihe\\GSB\\glm\\node_modules\\@rollup\\rollup-linux-ppc64-gnu'
1725 silly reify ]
1726 verbose reify failed optional dependency E:\zhihe\GSB\glm\node_modules\@rollup\rollup-linux-loong64-musl
1727 silly reify mark deleted [
1727 silly reify   'E:\\zhihe\\GSB\\glm\\node_modules\\@rollup\\rollup-linux-loong64-musl'
1727 silly reify ]
1728 verbose reify failed optional dependency E:\zhihe\GSB\glm\node_modules\@rollup\rollup-linux-loong64-gnu
1729 silly reify mark deleted [
1729 silly reify   'E:\\zhihe\\GSB\\glm\\node_modules\\@rollup\\rollup-linux-loong64-gnu'
1729 silly reify ]
1730 verbose reify failed optional dependency E:\zhihe\GSB\glm\node_modules\@rollup\rollup-linux-arm64-musl
1731 silly reify mark deleted [
1731 silly reify   'E:\\zhihe\\GSB\\glm\\node_modules\\@rollup\\rollup-linux-arm64-musl'
1731 silly reify ]
1732 verbose reify failed optional dependency E:\zhihe\GSB\glm\node_modules\@rollup\rollup-linux-arm64-gnu
1733 silly reify mark deleted [
1733 silly reify   'E:\\zhihe\\GSB\\glm\\node_modules\\@rollup\\rollup-linux-arm64-gnu'
1733 silly reify ]
1734 verbose reify failed optional dependency E:\zhihe\GSB\glm\node_modules\@rollup\rollup-linux-arm-musleabihf
1735 silly reify mark deleted [
1735 silly reify   'E:\\zhihe\\GSB\\glm\\node_modules\\@rollup\\rollup-linux-arm-musleabihf'
1735 silly reify ]
1736 verbose reify failed optional dependency E:\zhihe\GSB\glm\node_modules\@rollup\rollup-linux-arm-gnueabihf
1737 silly reify mark deleted [
1737 silly reify   'E:\\zhihe\\GSB\\glm\\node_modules\\@rollup\\rollup-linux-arm-gnueabihf'
1737 silly reify ]
1738 verbose reify failed optional dependency E:\zhihe\GSB\glm\node_modules\@rollup\rollup-freebsd-x64
1739 silly reify mark deleted [ 'E:\\zhihe\\GSB\\glm\\node_modules\\@rollup\\rollup-freebsd-x64' ]
1740 verbose reify failed optional dependency E:\zhihe\GSB\glm\node_modules\@rollup\rollup-freebsd-arm64
1741 silly reify mark deleted [ 'E:\\zhihe\\GSB\\glm\\node_modules\\@rollup\\rollup-freebsd-arm64' ]
1742 verbose reify failed optional dependency E:\zhihe\GSB\glm\node_modules\@rollup\rollup-darwin-x64
1743 silly reify mark deleted [ 'E:\\zhihe\\GSB\\glm\\node_modules\\@rollup\\rollup-darwin-x64' ]
1744 verbose reify failed optional dependency E:\zhihe\GSB\glm\node_modules\@rollup\rollup-darwin-arm64
1745 silly reify mark deleted [ 'E:\\zhihe\\GSB\\glm\\node_modules\\@rollup\\rollup-darwin-arm64' ]
1746 verbose reify failed optional dependency E:\zhihe\GSB\glm\node_modules\@rollup\rollup-android-arm64
1747 silly reify mark deleted [ 'E:\\zhihe\\GSB\\glm\\node_modules\\@rollup\\rollup-android-arm64' ]
1748 verbose reify failed optional dependency E:\zhihe\GSB\glm\node_modules\@rollup\rollup-android-arm-eabi
1749 silly reify mark deleted [
1749 silly reify   'E:\\zhihe\\GSB\\glm\\node_modules\\@rollup\\rollup-android-arm-eabi'
1749 silly reify ]
1750 verbose reify failed optional dependency E:\zhihe\GSB\glm\node_modules\@esbuild\win32-ia32
1751 silly reify mark deleted [ 'E:\\zhihe\\GSB\\glm\\node_modules\\@esbuild\\win32-ia32' ]
1752 verbose reify failed optional dependency E:\zhihe\GSB\glm\node_modules\@esbuild\win32-arm64
1753 silly reify mark deleted [ 'E:\\zhihe\\GSB\\glm\\node_modules\\@esbuild\\win32-arm64' ]
1754 verbose reify failed optional dependency E:\zhihe\GSB\glm\node_modules\@esbuild\sunos-x64
1755 silly reify mark deleted [ 'E:\\zhihe\\GSB\\glm\\node_modules\\@esbuild\\sunos-x64' ]
1756 verbose reify failed optional dependency E:\zhihe\GSB\glm\node_modules\@esbuild\openbsd-x64
1757 silly reify mark deleted [ 'E:\\zhihe\\GSB\\glm\\node_modules\\@esbuild\\openbsd-x64' ]
1758 verbose reify failed optional dependency E:\zhihe\GSB\glm\node_modules\@esbuild\netbsd-x64
1759 silly reify mark deleted [ 'E:\\zhihe\\GSB\\glm\\node_modules\\@esbuild\\netbsd-x64' ]
1760 verbose reify failed optional dependency E:\zhihe\GSB\glm\node_modules\@esbuild\linux-x64
1761 silly reify mark deleted [ 'E:\\zhihe\\GSB\\glm\\node_modules\\@esbuild\\linux-x64' ]
1762 verbose reify failed optional dependency E:\zhihe\GSB\glm\node_modules\@esbuild\linux-s390x
1763 silly reify mark deleted [ 'E:\\zhihe\\GSB\\glm\\node_modules\\@esbuild\\linux-s390x' ]
1764 verbose reify failed optional dependency E:\zhihe\GSB\glm\node_modules\@esbuild\linux-riscv64
1765 silly reify mark deleted [ 'E:\\zhihe\\GSB\\glm\\node_modules\\@esbuild\\linux-riscv64' ]
1766 verbose reify failed optional dependency E:\zhihe\GSB\glm\node_modules\@esbuild\linux-ppc64
1767 silly reify mark deleted [ 'E:\\zhihe\\GSB\\glm\\node_modules\\@esbuild\\linux-ppc64' ]
1768 verbose reify failed optional dependency E:\zhihe\GSB\glm\node_modules\@esbuild\linux-mips64el
1769 silly reify mark deleted [ 'E:\\zhihe\\GSB\\glm\\node_modules\\@esbuild\\linux-mips64el' ]
1770 verbose reify failed optional dependency E:\zhihe\GSB\glm\node_modules\@esbuild\linux-loong64
1771 silly reify mark deleted [ 'E:\\zhihe\\GSB\\glm\\node_modules\\@esbuild\\linux-loong64' ]
1772 verbose reify failed optional dependency E:\zhihe\GSB\glm\node_modules\@esbuild\linux-ia32
1773 silly reify mark deleted [ 'E:\\zhihe\\GSB\\glm\\node_modules\\@esbuild\\linux-ia32' ]
1774 verbose reify failed optional dependency E:\zhihe\GSB\glm\node_modules\@esbuild\linux-arm64
1775 silly reify mark deleted [ 'E:\\zhihe\\GSB\\glm\\node_modules\\@esbuild\\linux-arm64' ]
1776 verbose reify failed optional dependency E:\zhihe\GSB\glm\node_modules\@esbuild\linux-arm
1777 silly reify mark deleted [ 'E:\\zhihe\\GSB\\glm\\node_modules\\@esbuild\\linux-arm' ]
1778 verbose reify failed optional dependency E:\zhihe\GSB\glm\node_modules\@esbuild\freebsd-x64
1779 silly reify mark deleted [ 'E:\\zhihe\\GSB\\glm\\node_modules\\@esbuild\\freebsd-x64' ]
1780 verbose reify failed optional dependency E:\zhihe\GSB\glm\node_modules\@esbuild\freebsd-arm64
1781 silly reify mark deleted [ 'E:\\zhihe\\GSB\\glm\\node_modules\\@esbuild\\freebsd-arm64' ]
1782 verbose reify failed optional dependency E:\zhihe\GSB\glm\node_modules\@esbuild\darwin-x64
1783 silly reify mark deleted [ 'E:\\zhihe\\GSB\\glm\\node_modules\\@esbuild\\darwin-x64' ]
1784 verbose reify failed optional dependency E:\zhihe\GSB\glm\node_modules\@esbuild\darwin-arm64
1785 silly reify mark deleted [ 'E:\\zhihe\\GSB\\glm\\node_modules\\@esbuild\\darwin-arm64' ]
1786 verbose reify failed optional dependency E:\zhihe\GSB\glm\node_modules\@esbuild\android-x64
1787 silly reify mark deleted [ 'E:\\zhihe\\GSB\\glm\\node_modules\\@esbuild\\android-x64' ]
1788 verbose reify failed optional dependency E:\zhihe\GSB\glm\node_modules\@esbuild\android-arm64
1789 silly reify mark deleted [ 'E:\\zhihe\\GSB\\glm\\node_modules\\@esbuild\\android-arm64' ]
1790 verbose reify failed optional dependency E:\zhihe\GSB\glm\node_modules\@esbuild\android-arm
1791 silly reify mark deleted [ 'E:\\zhihe\\GSB\\glm\\node_modules\\@esbuild\\android-arm' ]
1792 verbose reify failed optional dependency E:\zhihe\GSB\glm\node_modules\@esbuild\aix-ppc64
1793 silly reify mark deleted [ 'E:\\zhihe\\GSB\\glm\\node_modules\\@esbuild\\aix-ppc64' ]
1794 verbose reify failed optional dependency E:\zhihe\GSB\glm\node_modules\fsevents
1795 silly reify mark deleted [ 'E:\\zhihe\\GSB\\glm\\node_modules\\fsevents' ]
1796 http cache use-sync-external-store@https://registry.npmjs.org/use-sync-external-store/-/use-sync-external-store-1.6.0.tgz 0ms (cache hit)
1797 http cache @rollup/rollup-win32-x64-gnu@https://registry.npmjs.org/@rollup/rollup-win32-x64-gnu/-/rollup-win32-x64-gnu-4.60.2.tgz 0ms (cache hit)
1798 http cache isexe@https://registry.npmjs.org/isexe/-/isexe-2.0.0.tgz 0ms (cache hit)
1799 http cache esbuild@https://registry.npmjs.org/esbuild/-/esbuild-0.21.5.tgz 0ms (cache hit)
1800 http cache @rollup/rollup-win32-x64-msvc@https://registry.npmjs.org/@rollup/rollup-win32-x64-msvc/-/rollup-win32-x64-msvc-4.60.2.tgz 0ms (cache hit)
1801 http cache @esbuild/win32-x64@https://registry.npmjs.org/@esbuild/win32-x64/-/win32-x64-0.21.5.tgz 0ms (cache hit)
1802 http cache rollup@https://registry.npmjs.org/rollup/-/rollup-4.60.2.tgz 0ms (cache hit)
1803 http cache escalade@https://registry.npmjs.org/escalade/-/escalade-3.2.0.tgz 0ms (cache hit)
1804 http cache punycode@https://registry.npmjs.org/punycode/-/punycode-2.3.1.tgz 0ms (cache hit)
1805 http cache @typescript-eslint/tsconfig-utils@https://registry.npmjs.org/@typescript-eslint/tsconfig-utils/-/tsconfig-utils-8.58.2.tgz 0ms (cache hit)
1806 http cache @typescript-eslint/project-service@https://registry.npmjs.org/@typescript-eslint/project-service/-/project-service-8.58.2.tgz 0ms (cache hit)
1807 http cache ts-api-utils@https://registry.npmjs.org/ts-api-utils/-/ts-api-utils-2.5.0.tgz 0ms (cache hit)
1808 http cache @typescript-eslint/types@https://registry.npmjs.org/@typescript-eslint/types/-/types-8.58.2.tgz 0ms (cache hit)
1809 http cache @typescript-eslint/visitor-keys@https://registry.npmjs.org/@typescript-eslint/visitor-keys/-/visitor-keys-8.58.2.tgz 0ms (cache hit)
1810 http cache @typescript-eslint/type-utils@https://registry.npmjs.org/@typescript-eslint/type-utils/-/type-utils-8.58.2.tgz 0ms (cache hit)
1811 http cache @typescript-eslint/utils@https://registry.npmjs.org/@typescript-eslint/utils/-/utils-8.58.2.tgz 0ms (cache hit)
1812 http cache @typescript-eslint/eslint-plugin@https://registry.npmjs.org/@typescript-eslint/eslint-plugin/-/eslint-plugin-8.58.2.tgz 0ms (cache hit)
1813 http cache @typescript-eslint/parser@https://registry.npmjs.org/@typescript-eslint/parser/-/parser-8.58.2.tgz 0ms (cache hit)
1814 http cache @typescript-eslint/scope-manager@https://registry.npmjs.org/@typescript-eslint/scope-manager/-/scope-manager-8.58.2.tgz 0ms (cache hit)
1815 http cache @typescript-eslint/typescript-estree@https://registry.npmjs.org/@typescript-eslint/typescript-estree/-/typescript-estree-8.58.2.tgz 0ms (cache hit)
1816 http cache thenify@https://registry.npmjs.org/thenify/-/thenify-3.3.1.tgz 0ms (cache hit)
1817 http cache is-number@https://registry.npmjs.org/is-number/-/is-number-7.0.0.tgz 0ms (cache hit)
1818 http cache thenify-all@https://registry.npmjs.org/thenify-all/-/thenify-all-1.6.0.tgz 0ms (cache hit)
1819 http cache object-assign@https://registry.npmjs.org/object-assign/-/object-assign-4.1.1.tgz 0ms (cache hit)
1820 http cache ts-interface-checker@https://registry.npmjs.org/ts-interface-checker/-/ts-interface-checker-0.1.13.tgz 0ms (cache hit)
1821 http cache any-promise@https://registry.npmjs.org/any-promise/-/any-promise-1.3.0.tgz 0ms (cache hit)
1822 http cache pirates@https://registry.npmjs.org/pirates/-/pirates-4.0.7.tgz 0ms (cache hit)
1823 http cache tinyglobby@https://registry.npmjs.org/tinyglobby/-/tinyglobby-0.2.16.tgz 0ms (cache hit)
1824 http cache mz@https://registry.npmjs.org/mz/-/mz-2.7.0.tgz 0ms (cache hit)
1825 http cache lines-and-columns@https://registry.npmjs.org/lines-and-columns/-/lines-and-columns-1.2.4.tgz 0ms (cache hit)
1826 http cache queue-microtask@https://registry.npmjs.org/queue-microtask/-/queue-microtask-1.2.3.tgz 0ms (cache hit)
1827 http cache commander@https://registry.npmjs.org/commander/-/commander-4.1.1.tgz 0ms (cache hit)
1828 http cache hasown@https://registry.npmjs.org/hasown/-/hasown-2.0.3.tgz 0ms (cache hit)
1829 http cache function-bind@https://registry.npmjs.org/function-bind/-/function-bind-1.1.2.tgz 0ms (cache hit)
1830 http cache path-parse@https://registry.npmjs.org/path-parse/-/path-parse-1.0.7.tgz 0ms (cache hit)
1831 http cache supports-preserve-symlinks-flag@https://registry.npmjs.org/supports-preserve-symlinks-flag/-/supports-preserve-symlinks-flag-1.0.0.tgz 0ms (cache hit)
1832 http cache es-errors@https://registry.npmjs.org/es-errors/-/es-errors-1.3.0.tgz 0ms (cache hit)
1833 http cache util-deprecate@https://registry.npmjs.org/util-deprecate/-/util-deprecate-1.0.2.tgz 0ms (cache hit)
1834 http cache is-core-module@https://registry.npmjs.org/is-core-module/-/is-core-module-2.16.1.tgz 0ms (cache hit)
1835 http cache cssesc@https://registry.npmjs.org/cssesc/-/cssesc-3.0.0.tgz 0ms (cache hit)
1836 http cache pify@https://registry.npmjs.org/pify/-/pify-2.3.0.tgz 0ms (cache hit)
1837 http cache camelcase-css@https://registry.npmjs.org/camelcase-css/-/camelcase-css-2.0.1.tgz 0ms (cache hit)
1838 http cache read-cache@https://registry.npmjs.org/read-cache/-/read-cache-1.0.0.tgz 0ms (cache hit)
1839 http cache reusify@https://registry.npmjs.org/reusify/-/reusify-1.1.0.tgz 0ms (cache hit)
1840 http cache run-parallel@https://registry.npmjs.org/run-parallel/-/run-parallel-1.2.0.tgz 0ms (cache hit)
1841 http cache binary-extensions@https://registry.npmjs.org/binary-extensions/-/binary-extensions-2.3.0.tgz 0ms (cache hit)
1842 http cache fastq@https://registry.npmjs.org/fastq/-/fastq-1.20.1.tgz 0ms (cache hit)
1843 http cache to-regex-range@https://registry.npmjs.org/to-regex-range/-/to-regex-range-5.0.1.tgz 0ms (cache hit)
1844 http cache @nodelib/fs.stat@https://registry.npmjs.org/@nodelib/fs.stat/-/fs.stat-2.0.5.tgz 0ms (cache hit)
1845 http cache merge2@https://registry.npmjs.org/merge2/-/merge2-1.4.1.tgz 0ms (cache hit)
1846 http cache @nodelib/fs.scandir@https://registry.npmjs.org/@nodelib/fs.scandir/-/fs.scandir-2.1.5.tgz 0ms (cache hit)
1847 http cache fill-range@https://registry.npmjs.org/fill-range/-/fill-range-7.1.1.tgz 0ms (cache hit)
1848 http cache @nodelib/fs.walk@https://registry.npmjs.org/@nodelib/fs.walk/-/fs.walk-1.2.8.tgz 0ms (cache hit)
1849 http cache picomatch@https://registry.npmjs.org/picomatch/-/picomatch-2.3.2.tgz 0ms (cache hit)
1850 http cache is-binary-path@https://registry.npmjs.org/is-binary-path/-/is-binary-path-2.1.0.tgz 0ms (cache hit)
1851 http cache readdirp@https://registry.npmjs.org/readdirp/-/readdirp-3.6.0.tgz 0ms (cache hit)
1852 http cache sucrase@https://registry.npmjs.org/sucrase/-/sucrase-3.35.1.tgz 0ms (cache hit)
1853 http cache anymatch@https://registry.npmjs.org/anymatch/-/anymatch-3.1.3.tgz 0ms (cache hit)
1854 http cache braces@https://registry.npmjs.org/braces/-/braces-3.0.3.tgz 0ms (cache hit)
1855 http cache postcss-selector-parser@https://registry.npmjs.org/postcss-selector-parser/-/postcss-selector-parser-6.1.2.tgz 0ms (cache hit)
1856 http cache postcss-nested@https://registry.npmjs.org/postcss-nested/-/postcss-nested-6.2.0.tgz 0ms (cache hit)
1857 http cache resolve@https://registry.npmjs.org/resolve/-/resolve-1.22.12.tgz 0ms (cache hit)
1858 http cache object-hash@https://registry.npmjs.org/object-hash/-/object-hash-3.0.0.tgz 0ms (cache hit)
1859 http cache postcss-js@https://registry.npmjs.org/postcss-js/-/postcss-js-4.1.0.tgz 0ms (cache hit)
1860 http cache postcss-load-config@https://registry.npmjs.org/postcss-load-config/-/postcss-load-config-6.0.1.tgz 0ms (cache hit)
1861 http cache postcss-import@https://registry.npmjs.org/postcss-import/-/postcss-import-15.1.0.tgz 0ms (cache hit)
1862 http cache micromatch@https://registry.npmjs.org/micromatch/-/micromatch-4.0.8.tgz 0ms (cache hit)
1863 http cache fast-glob@https://registry.npmjs.org/fast-glob/-/fast-glob-3.3.3.tgz 0ms (cache hit)
1864 http cache didyoumean@https://registry.npmjs.org/didyoumean/-/didyoumean-1.2.2.tgz 0ms (cache hit)
1865 http cache jiti@https://registry.npmjs.org/jiti/-/jiti-1.21.7.tgz 0ms (cache hit)
1866 http cache normalize-path@https://registry.npmjs.org/normalize-path/-/normalize-path-3.0.0.tgz 0ms (cache hit)
1867 http cache lilconfig@https://registry.npmjs.org/lilconfig/-/lilconfig-3.1.3.tgz 0ms (cache hit)
1868 http cache arg@https://registry.npmjs.org/arg/-/arg-5.0.2.tgz 0ms (cache hit)
1869 http cache scheduler@https://registry.npmjs.org/scheduler/-/scheduler-0.23.2.tgz 0ms (cache hit)
1870 http cache dlv@https://registry.npmjs.org/dlv/-/dlv-1.1.3.tgz 0ms (cache hit)
1871 http cache chokidar@https://registry.npmjs.org/chokidar/-/chokidar-3.6.0.tgz 0ms (cache hit)
1872 http cache @alloc/quick-lru@https://registry.npmjs.org/@alloc/quick-lru/-/quick-lru-5.2.0.tgz 0ms (cache hit)
1873 http cache has-flag@https://registry.npmjs.org/has-flag/-/has-flag-4.0.0.tgz 0ms (cache hit)
1874 http cache source-map-js@https://registry.npmjs.org/source-map-js/-/source-map-js-1.2.1.tgz 0ms (cache hit)
1875 http cache shebang-regex@https://registry.npmjs.org/shebang-regex/-/shebang-regex-3.0.0.tgz 0ms (cache hit)
1876 http cache nanoid@https://registry.npmjs.org/nanoid/-/nanoid-3.3.11.tgz 0ms (cache hit)
1877 http cache loose-envify@https://registry.npmjs.org/loose-envify/-/loose-envify-1.4.0.tgz 0ms (cache hit)
1878 http cache word-wrap@https://registry.npmjs.org/word-wrap/-/word-wrap-1.2.5.tgz 0ms (cache hit)
1879 http cache callsites@https://registry.npmjs.org/callsites/-/callsites-3.1.0.tgz 0ms (cache hit)
1880 http cache p-limit@https://registry.npmjs.org/p-limit/-/p-limit-3.1.0.tgz 0ms (cache hit)
1881 http cache yocto-queue@https://registry.npmjs.org/yocto-queue/-/yocto-queue-0.1.0.tgz 0ms (cache hit)
1882 http cache concat-map@https://registry.npmjs.org/concat-map/-/concat-map-0.0.1.tgz 0ms (cache hit)
1883 http cache brace-expansion@https://registry.npmjs.org/brace-expansion/-/brace-expansion-1.1.14.tgz 0ms (cache hit)
1884 http cache fast-levenshtein@https://registry.npmjs.org/fast-levenshtein/-/fast-levenshtein-2.0.6.tgz 1ms (cache hit)
1885 http cache balanced-match@https://registry.npmjs.org/balanced-match/-/balanced-match-1.0.2.tgz 0ms (cache hit)
1886 http cache deep-is@https://registry.npmjs.org/deep-is/-/deep-is-0.1.4.tgz 0ms (cache hit)
1887 http cache argparse@https://registry.npmjs.org/argparse/-/argparse-2.0.1.tgz 0ms (cache hit)
1888 http cache type-check@https://registry.npmjs.org/type-check/-/type-check-0.4.0.tgz 0ms (cache hit)
1889 http cache yallist@https://registry.npmjs.org/yallist/-/yallist-3.1.1.tgz 0ms (cache hit)
1890 http cache json-buffer@https://registry.npmjs.org/json-buffer/-/json-buffer-3.0.1.tgz 0ms (cache hit)
1891 http cache prelude-ls@https://registry.npmjs.org/prelude-ls/-/prelude-ls-1.2.1.tgz 0ms (cache hit)
1892 http cache is-extglob@https://registry.npmjs.org/is-extglob/-/is-extglob-2.1.1.tgz 0ms (cache hit)
1893 http cache p-locate@https://registry.npmjs.org/p-locate/-/p-locate-5.0.0.tgz 0ms (cache hit)
1894 http cache keyv@https://registry.npmjs.org/keyv/-/keyv-4.5.4.tgz 0ms (cache hit)
1895 http cache parent-module@https://registry.npmjs.org/parent-module/-/parent-module-1.0.1.tgz 0ms (cache hit)
1896 http cache resolve-from@https://registry.npmjs.org/resolve-from/-/resolve-from-4.0.0.tgz 0ms (cache hit)
1897 http cache locate-path@https://registry.npmjs.org/locate-path/-/locate-path-6.0.0.tgz 0ms (cache hit)
1898 http cache path-exists@https://registry.npmjs.org/path-exists/-/path-exists-4.0.0.tgz 0ms (cache hit)
1899 http cache flat-cache@https://registry.npmjs.org/flat-cache/-/flat-cache-4.0.1.tgz 0ms (cache hit)
1900 http cache acorn-jsx@https://registry.npmjs.org/acorn-jsx/-/acorn-jsx-5.3.2.tgz 0ms (cache hit)
1901 http cache flatted@https://registry.npmjs.org/flatted/-/flatted-3.4.2.tgz 0ms (cache hit)
1902 http cache esrecurse@https://registry.npmjs.org/esrecurse/-/esrecurse-4.3.0.tgz 0ms (cache hit)
1903 http cache which@https://registry.npmjs.org/which/-/which-2.0.2.tgz 0ms (cache hit)
1904 http cache shebang-command@https://registry.npmjs.org/shebang-command/-/shebang-command-2.0.0.tgz 0ms (cache hit)
1905 http cache acorn@https://registry.npmjs.org/acorn/-/acorn-8.16.0.tgz 0ms (cache hit)
1906 http cache estraverse@https://registry.npmjs.org/estraverse/-/estraverse-5.3.0.tgz 0ms (cache hit)
1907 http cache color-name@https://registry.npmjs.org/color-name/-/color-name-1.1.4.tgz 0ms (cache hit)
1908 http cache path-key@https://registry.npmjs.org/path-key/-/path-key-3.1.1.tgz 0ms (cache hit)
1909 http cache supports-color@https://registry.npmjs.org/supports-color/-/supports-color-7.2.0.tgz 0ms (cache hit)
1910 http cache color-convert@https://registry.npmjs.org/color-convert/-/color-convert-2.0.1.tgz 0ms (cache hit)
1911 http cache json-schema-traverse@https://registry.npmjs.org/json-schema-traverse/-/json-schema-traverse-0.4.1.tgz 0ms (cache hit)
1912 http cache @humanfs/types@https://registry.npmjs.org/@humanfs/types/-/types-0.15.0.tgz 0ms (cache hit)
1913 http cache fast-json-stable-stringify@https://registry.npmjs.org/fast-json-stable-stringify/-/fast-json-stable-stringify-2.1.0.tgz 0ms (cache hit)
1914 http cache ansi-styles@https://registry.npmjs.org/ansi-styles/-/ansi-styles-4.3.0.tgz 0ms (cache hit)
1915 http cache uri-js@https://registry.npmjs.org/uri-js/-/uri-js-4.4.1.tgz 0ms (cache hit)
1916 http cache js-yaml@https://registry.npmjs.org/js-yaml/-/js-yaml-4.1.1.tgz 0ms (cache hit)
1917 http cache @humanfs/core@https://registry.npmjs.org/@humanfs/core/-/core-0.19.2.tgz 0ms (cache hit)
1918 http cache strip-json-comments@https://registry.npmjs.org/strip-json-comments/-/strip-json-comments-3.1.1.tgz 0ms (cache hit)
1919 http cache levn@https://registry.npmjs.org/levn/-/levn-0.4.1.tgz 0ms (cache hit)
1920 http cache @types/json-schema@https://registry.npmjs.org/@types/json-schema/-/json-schema-7.0.15.tgz 0ms (cache hit)
1921 http cache natural-compare@https://registry.npmjs.org/natural-compare/-/natural-compare-1.4.0.tgz 0ms (cache hit)
1922 http cache import-fresh@https://registry.npmjs.org/import-fresh/-/import-fresh-3.3.1.tgz 0ms (cache hit)
1923 http cache minimatch@https://registry.npmjs.org/minimatch/-/minimatch-3.1.5.tgz 0ms (cache hit)
1924 http cache @eslint/object-schema@https://registry.npmjs.org/@eslint/object-schema/-/object-schema-2.1.7.tgz 0ms (cache hit)
1925 http cache is-glob@https://registry.npmjs.org/is-glob/-/is-glob-4.0.3.tgz 0ms (cache hit)
1926 http cache optionator@https://registry.npmjs.org/optionator/-/optionator-0.9.4.tgz 0ms (cache hit)
1927 http cache ignore@https://registry.npmjs.org/ignore/-/ignore-5.3.2.tgz 0ms (cache hit)
1928 http cache lodash.merge@https://registry.npmjs.org/lodash.merge/-/lodash.merge-4.6.2.tgz 1ms (cache hit)
1929 http cache json-stable-stringify-without-jsonify@https://registry.npmjs.org/json-stable-stringify-without-jsonify/-/json-stable-stringify-without-jsonify-1.0.1.tgz 0ms (cache hit)
1930 http cache imurmurhash@https://registry.npmjs.org/imurmurhash/-/imurmurhash-0.1.4.tgz 0ms (cache hit)
1931 http cache glob-parent@https://registry.npmjs.org/glob-parent/-/glob-parent-6.0.2.tgz 0ms (cache hit)
1932 http cache file-entry-cache@https://registry.npmjs.org/file-entry-cache/-/file-entry-cache-8.0.0.tgz 0ms (cache hit)
1933 http cache find-up@https://registry.npmjs.org/find-up/-/find-up-5.0.0.tgz 0ms (cache hit)
1934 http cache fast-deep-equal@https://registry.npmjs.org/fast-deep-equal/-/fast-deep-equal-3.1.3.tgz 0ms (cache hit)
1935 http cache esquery@https://registry.npmjs.org/esquery/-/esquery-1.7.0.tgz 0ms (cache hit)
1936 http cache esutils@https://registry.npmjs.org/esutils/-/esutils-2.0.3.tgz 0ms (cache hit)
1937 http cache espree@https://registry.npmjs.org/espree/-/espree-10.4.0.tgz 0ms (cache hit)
1938 http cache eslint-visitor-keys@https://registry.npmjs.org/eslint-visitor-keys/-/eslint-visitor-keys-4.2.1.tgz 0ms (cache hit)
1939 http cache cross-spawn@https://registry.npmjs.org/cross-spawn/-/cross-spawn-7.0.6.tgz 0ms (cache hit)
1940 http cache chalk@https://registry.npmjs.org/chalk/-/chalk-4.1.2.tgz 0ms (cache hit)
1941 http cache escape-string-regexp@https://registry.npmjs.org/escape-string-regexp/-/escape-string-regexp-4.0.0.tgz 0ms (cache hit)
1942 http cache eslint-scope@https://registry.npmjs.org/eslint-scope/-/eslint-scope-8.4.0.tgz 0ms (cache hit)
1943 http cache ajv@https://registry.npmjs.org/ajv/-/ajv-6.14.0.tgz 0ms (cache hit)
1944 http cache @types/estree@https://registry.npmjs.org/@types/estree/-/estree-1.0.8.tgz 0ms (cache hit)
1945 http cache @humanfs/node@https://registry.npmjs.org/@humanfs/node/-/node-0.16.8.tgz 0ms (cache hit)
1946 http cache @eslint/plugin-kit@https://registry.npmjs.org/@eslint/plugin-kit/-/plugin-kit-0.4.1.tgz 0ms (cache hit)
1947 http cache @humanwhocodes/retry@https://registry.npmjs.org/@humanwhocodes/retry/-/retry-0.4.3.tgz 0ms (cache hit)
1948 http cache @humanwhocodes/module-importer@https://registry.npmjs.org/@humanwhocodes/module-importer/-/module-importer-1.0.1.tgz 0ms (cache hit)
1949 http cache @eslint-community/regexpp@https://registry.npmjs.org/@eslint-community/regexpp/-/regexpp-4.12.2.tgz 0ms (cache hit)
1950 http cache @eslint/eslintrc@https://registry.npmjs.org/@eslint/eslintrc/-/eslintrc-3.3.5.tgz 0ms (cache hit)
1951 http cache @eslint/core@https://registry.npmjs.org/@eslint/core/-/core-0.17.0.tgz 0ms (cache hit)
1952 http cache @eslint/config-helpers@https://registry.npmjs.org/@eslint/config-helpers/-/config-helpers-0.4.2.tgz 0ms (cache hit)
1953 http cache ms@https://registry.npmjs.org/ms/-/ms-2.1.3.tgz 0ms (cache hit)
1954 http cache @eslint/config-array@https://registry.npmjs.org/@eslint/config-array/-/config-array-0.21.2.tgz 0ms (cache hit)
1955 http cache electron-to-chromium@https://registry.npmjs.org/electron-to-chromium/-/electron-to-chromium-1.5.340.tgz 0ms (cache hit)
1956 http cache @eslint-community/eslint-utils@https://registry.npmjs.org/@eslint-community/eslint-utils/-/eslint-utils-4.9.1.tgz 0ms (cache hit)
1957 http cache update-browserslist-db@https://registry.npmjs.org/update-browserslist-db/-/update-browserslist-db-1.2.3.tgz 0ms (cache hit)
1958 http cache baseline-browser-mapping@https://registry.npmjs.org/baseline-browser-mapping/-/baseline-browser-mapping-2.10.20.tgz 0ms (cache hit)
1959 http cache node-releases@https://registry.npmjs.org/node-releases/-/node-releases-2.0.37.tgz 0ms (cache hit)
1960 http cache postcss-value-parser@https://registry.npmjs.org/postcss-value-parser/-/postcss-value-parser-4.2.0.tgz 0ms (cache hit)
1961 http cache fraction.js@https://registry.npmjs.org/fraction.js/-/fraction.js-5.3.4.tgz 0ms (cache hit)
1962 http cache @types/babel__traverse@https://registry.npmjs.org/@types/babel__traverse/-/babel__traverse-7.28.0.tgz 0ms (cache hit)
1963 http cache @types/babel__generator@https://registry.npmjs.org/@types/babel__generator/-/babel__generator-7.27.0.tgz 0ms (cache hit)
1964 http cache caniuse-lite@https://registry.npmjs.org/caniuse-lite/-/caniuse-lite-1.0.30001788.tgz 0ms (cache hit)
1965 http cache @types/babel__template@https://registry.npmjs.org/@types/babel__template/-/babel__template-7.4.4.tgz 0ms (cache hit)
1966 http cache @jridgewell/sourcemap-codec@https://registry.npmjs.org/@jridgewell/sourcemap-codec/-/sourcemap-codec-1.5.5.tgz 0ms (cache hit)
1967 http cache @jridgewell/resolve-uri@https://registry.npmjs.org/@jridgewell/resolve-uri/-/resolve-uri-3.1.2.tgz 0ms (cache hit)
1968 http cache @babel/helper-plugin-utils@https://registry.npmjs.org/@babel/helper-plugin-utils/-/helper-plugin-utils-7.28.6.tgz 0ms (cache hit)
1969 http cache @babel/helper-module-imports@https://registry.npmjs.org/@babel/helper-module-imports/-/helper-module-imports-7.28.6.tgz 0ms (cache hit)
1970 http cache @babel/helper-globals@https://registry.npmjs.org/@babel/helper-globals/-/helper-globals-7.28.0.tgz 0ms (cache hit)
1971 http cache @babel/helper-string-parser@https://registry.npmjs.org/@babel/helper-string-parser/-/helper-string-parser-7.27.1.tgz 0ms (cache hit)
1972 http cache lru-cache@https://registry.npmjs.org/lru-cache/-/lru-cache-5.1.1.tgz 0ms (cache hit)
1973 http cache @babel/helper-validator-option@https://registry.npmjs.org/@babel/helper-validator-option/-/helper-validator-option-7.27.1.tgz 0ms (cache hit)
1974 http cache jsesc@https://registry.npmjs.org/jsesc/-/jsesc-3.1.0.tgz 0ms (cache hit)
1975 http cache @babel/compat-data@https://registry.npmjs.org/@babel/compat-data/-/compat-data-7.29.0.tgz 0ms (cache hit)
1976 http cache browserslist@https://registry.npmjs.org/browserslist/-/browserslist-4.28.2.tgz 0ms (cache hit)
1977 http cache picocolors@https://registry.npmjs.org/picocolors/-/picocolors-1.1.1.tgz 0ms (cache hit)
1978 http cache @jridgewell/trace-mapping@https://registry.npmjs.org/@jridgewell/trace-mapping/-/trace-mapping-0.3.31.tgz 0ms (cache hit)
1979 http cache @jridgewell/gen-mapping@https://registry.npmjs.org/@jridgewell/gen-mapping/-/gen-mapping-0.3.13.tgz 0ms (cache hit)
1980 http cache js-tokens@https://registry.npmjs.org/js-tokens/-/js-tokens-4.0.0.tgz 0ms (cache hit)
1981 http cache @babel/helper-validator-identifier@https://registry.npmjs.org/@babel/helper-validator-identifier/-/helper-validator-identifier-7.28.5.tgz 0ms (cache hit)
1982 http cache json5@https://registry.npmjs.org/json5/-/json5-2.2.3.tgz 0ms (cache hit)
1983 http cache gensync@https://registry.npmjs.org/gensync/-/gensync-1.0.0-beta.2.tgz 0ms (cache hit)
1984 http cache debug@https://registry.npmjs.org/debug/-/debug-4.4.3.tgz 0ms (cache hit)
1985 http cache semver@https://registry.npmjs.org/semver/-/semver-6.3.1.tgz 0ms (cache hit)
1986 http cache @babel/traverse@https://registry.npmjs.org/@babel/traverse/-/traverse-7.29.0.tgz 0ms (cache hit)
1987 http cache @jridgewell/remapping@https://registry.npmjs.org/@jridgewell/remapping/-/remapping-2.3.5.tgz 0ms (cache hit)
1988 http cache @babel/template@https://registry.npmjs.org/@babel/template/-/template-7.28.6.tgz 0ms (cache hit)
1989 http cache convert-source-map@https://registry.npmjs.org/convert-source-map/-/convert-source-map-2.0.0.tgz 0ms (cache hit)
1990 http cache @babel/types@https://registry.npmjs.org/@babel/types/-/types-7.29.0.tgz 0ms (cache hit)
1991 http cache @babel/parser@https://registry.npmjs.org/@babel/parser/-/parser-7.29.2.tgz 0ms (cache hit)
1992 http cache @babel/helper-module-transforms@https://registry.npmjs.org/@babel/helper-module-transforms/-/helper-module-transforms-7.28.6.tgz 0ms (cache hit)
1993 http cache @babel/helpers@https://registry.npmjs.org/@babel/helpers/-/helpers-7.29.2.tgz 0ms (cache hit)
1994 http cache @babel/code-frame@https://registry.npmjs.org/@babel/code-frame/-/code-frame-7.29.0.tgz 0ms (cache hit)
1995 http cache @babel/generator@https://registry.npmjs.org/@babel/generator/-/generator-7.29.1.tgz 0ms (cache hit)
1996 http cache @babel/helper-compilation-targets@https://registry.npmjs.org/@babel/helper-compilation-targets/-/helper-compilation-targets-7.28.6.tgz 0ms (cache hit)
1997 http cache react-refresh@https://registry.npmjs.org/react-refresh/-/react-refresh-0.17.0.tgz 0ms (cache hit)
1998 http cache @rolldown/pluginutils@https://registry.npmjs.org/@rolldown/pluginutils/-/pluginutils-1.0.0-beta.27.tgz 0ms (cache hit)
1999 http cache @types/babel__core@https://registry.npmjs.org/@types/babel__core/-/babel__core-7.20.5.tgz 0ms (cache hit)
2000 http cache @babel/plugin-transform-react-jsx-self@https://registry.npmjs.org/@babel/plugin-transform-react-jsx-self/-/plugin-transform-react-jsx-self-7.27.1.tgz 0ms (cache hit)
2001 http cache csstype@https://registry.npmjs.org/csstype/-/csstype-3.2.3.tgz 0ms (cache hit)
2002 http cache @types/prop-types@https://registry.npmjs.org/@types/prop-types/-/prop-types-15.7.15.tgz 0ms (cache hit)
2003 http cache @babel/core@https://registry.npmjs.org/@babel/core/-/core-7.29.0.tgz 0ms (cache hit)
2004 http cache @babel/plugin-transform-react-jsx-source@https://registry.npmjs.org/@babel/plugin-transform-react-jsx-source/-/plugin-transform-react-jsx-source-7.27.1.tgz 0ms (cache hit)
2005 http cache @dnd-kit/accessibility@https://registry.npmjs.org/@dnd-kit/accessibility/-/accessibility-3.1.1.tgz 0ms (cache hit)
2006 http cache zustand@https://registry.npmjs.org/zustand/-/zustand-4.5.7.tgz 0ms (cache hit)
2007 http cache typescript-eslint@https://registry.npmjs.org/typescript-eslint/-/typescript-eslint-8.58.2.tgz 0ms (cache hit)
2008 http cache typescript@https://registry.npmjs.org/typescript/-/typescript-5.9.3.tgz 0ms (cache hit)
2009 http cache tslib@https://registry.npmjs.org/tslib/-/tslib-2.8.1.tgz 0ms (cache hit)
2010 http cache tailwindcss@https://registry.npmjs.org/tailwindcss/-/tailwindcss-3.4.19.tgz 0ms (cache hit)
2011 http cache lucide-react@https://registry.npmjs.org/lucide-react/-/lucide-react-0.378.0.tgz 0ms (cache hit)
2012 http cache eslint-plugin-react-refresh@https://registry.npmjs.org/eslint-plugin-react-refresh/-/eslint-plugin-react-refresh-0.4.26.tgz 0ms (cache hit)
2013 http cache globals@https://registry.npmjs.org/globals/-/globals-15.15.0.tgz 0ms (cache hit)
2014 http cache eslint@https://registry.npmjs.org/eslint/-/eslint-9.39.4.tgz 0ms (cache hit)
2015 http cache postcss@https://registry.npmjs.org/postcss/-/postcss-8.5.10.tgz 0ms (cache hit)
2016 http cache date-fns@https://registry.npmjs.org/date-fns/-/date-fns-3.6.0.tgz 0ms (cache hit)
2017 http cache autoprefixer@https://registry.npmjs.org/autoprefixer/-/autoprefixer-10.5.0.tgz 0ms (cache hit)
2018 http cache eslint-plugin-react-hooks@https://registry.npmjs.org/eslint-plugin-react-hooks/-/eslint-plugin-react-hooks-5.2.0.tgz 0ms (cache hit)
2019 http cache @types/react-dom@https://registry.npmjs.org/@types/react-dom/-/react-dom-18.3.7.tgz 0ms (cache hit)
2020 http cache @vitejs/plugin-react@https://registry.npmjs.org/@vitejs/plugin-react/-/plugin-react-4.7.0.tgz 0ms (cache hit)
2021 http cache @dnd-kit/utilities@https://registry.npmjs.org/@dnd-kit/utilities/-/utilities-3.2.2.tgz 0ms (cache hit)
2022 http cache vite@https://registry.npmjs.org/vite/-/vite-5.4.21.tgz 0ms (cache hit)
2023 http cache @eslint/js@https://registry.npmjs.org/@eslint/js/-/js-9.39.4.tgz 0ms (cache hit)
2024 http cache @dnd-kit/sortable@https://registry.npmjs.org/@dnd-kit/sortable/-/sortable-8.0.0.tgz 0ms (cache hit)
2025 http cache @types/react@https://registry.npmjs.org/@types/react/-/react-18.3.28.tgz 0ms (cache hit)
2026 http cache @dnd-kit/core@https://registry.npmjs.org/@dnd-kit/core/-/core-6.3.1.tgz 0ms (cache hit)
2027 http cache react-dom@https://registry.npmjs.org/react-dom/-/react-dom-18.3.1.tgz 0ms (cache hit)
2028 http cache react@https://registry.npmjs.org/react/-/react-18.3.1.tgz 0ms (cache hit)
2029 http cache eslint-visitor-keys@https://registry.npmjs.org/eslint-visitor-keys/-/eslint-visitor-keys-5.0.1.tgz 0ms (cache hit)
2030 http cache balanced-match@https://registry.npmjs.org/balanced-match/-/balanced-match-4.0.4.tgz 0ms (cache hit)
2031 http cache ignore@https://registry.npmjs.org/ignore/-/ignore-7.0.5.tgz 0ms (cache hit)
2032 http cache semver@https://registry.npmjs.org/semver/-/semver-7.7.4.tgz 0ms (cache hit)
2033 http cache brace-expansion@https://registry.npmjs.org/brace-expansion/-/brace-expansion-5.0.5.tgz 0ms (cache hit)
2034 http cache minimatch@https://registry.npmjs.org/minimatch/-/minimatch-10.2.5.tgz 0ms (cache hit)
2035 http cache picomatch@https://registry.npmjs.org/picomatch/-/picomatch-4.0.4.tgz 0ms (cache hit)
2036 http cache fdir@https://registry.npmjs.org/fdir/-/fdir-6.5.0.tgz 0ms (cache hit)
2037 http cache glob-parent@https://registry.npmjs.org/glob-parent/-/glob-parent-5.1.2.tgz 0ms (cache hit)
2038 http cache glob-parent@https://registry.npmjs.org/glob-parent/-/glob-parent-5.1.2.tgz 0ms (cache hit)
2039 silly tarball no local data for use-sync-external-store@https://registry.npmjs.org/use-sync-external-store/-/use-sync-external-store-1.6.0.tgz. Extracting by manifest.
2040 silly tarball no local data for @rollup/rollup-win32-x64-gnu@https://registry.npmjs.org/@rollup/rollup-win32-x64-gnu/-/rollup-win32-x64-gnu-4.60.2.tgz. Extracting by manifest.
2041 silly tarball no local data for isexe@https://registry.npmjs.org/isexe/-/isexe-2.0.0.tgz. Extracting by manifest.
2042 silly tarball no local data for esbuild@https://registry.npmjs.org/esbuild/-/esbuild-0.21.5.tgz. Extracting by manifest.
2043 silly tarball no local data for @rollup/rollup-win32-x64-msvc@https://registry.npmjs.org/@rollup/rollup-win32-x64-msvc/-/rollup-win32-x64-msvc-4.60.2.tgz. Extracting by manifest.
2044 silly tarball no local data for @esbuild/win32-x64@https://registry.npmjs.org/@esbuild/win32-x64/-/win32-x64-0.21.5.tgz. Extracting by manifest.
2045 http cache eslint-visitor-keys@https://registry.npmjs.org/eslint-visitor-keys/-/eslint-visitor-keys-3.4.3.tgz 0ms (cache hit)
2046 silly tarball no local data for rollup@https://registry.npmjs.org/rollup/-/rollup-4.60.2.tgz. Extracting by manifest.
2047 silly tarball no local data for escalade@https://registry.npmjs.org/escalade/-/escalade-3.2.0.tgz. Extracting by manifest.
2048 silly tarball no local data for punycode@https://registry.npmjs.org/punycode/-/punycode-2.3.1.tgz. Extracting by manifest.
2049 http cache globals@https://registry.npmjs.org/globals/-/globals-14.0.0.tgz 0ms (cache hit)
2050 silly tarball no local data for @typescript-eslint/tsconfig-utils@https://registry.npmjs.org/@typescript-eslint/tsconfig-utils/-/tsconfig-utils-8.58.2.tgz. Extracting by manifest.
2051 silly tarball no local data for @typescript-eslint/project-service@https://registry.npmjs.org/@typescript-eslint/project-service/-/project-service-8.58.2.tgz. Extracting by manifest.
2052 silly tarball no local data for ts-api-utils@https://registry.npmjs.org/ts-api-utils/-/ts-api-utils-2.5.0.tgz. Extracting by manifest.
2053 silly tarball no local data for @typescript-eslint/types@https://registry.npmjs.org/@typescript-eslint/types/-/types-8.58.2.tgz. Extracting by manifest.
2054 silly tarball no local data for @typescript-eslint/visitor-keys@https://registry.npmjs.org/@typescript-eslint/visitor-keys/-/visitor-keys-8.58.2.tgz. Extracting by manifest.
2055 silly tarball no local data for @typescript-eslint/type-utils@https://registry.npmjs.org/@typescript-eslint/type-utils/-/type-utils-8.58.2.tgz. Extracting by manifest.
2056 silly tarball no local data for @typescript-eslint/utils@https://registry.npmjs.org/@typescript-eslint/utils/-/utils-8.58.2.tgz. Extracting by manifest.
2057 silly tarball no local data for @typescript-eslint/eslint-plugin@https://registry.npmjs.org/@typescript-eslint/eslint-plugin/-/eslint-plugin-8.58.2.tgz. Extracting by manifest.
2058 silly tarball no local data for @typescript-eslint/parser@https://registry.npmjs.org/@typescript-eslint/parser/-/parser-8.58.2.tgz. Extracting by manifest.
2059 silly tarball no local data for @typescript-eslint/scope-manager@https://registry.npmjs.org/@typescript-eslint/scope-manager/-/scope-manager-8.58.2.tgz. Extracting by manifest.
2060 silly tarball no local data for @typescript-eslint/typescript-estree@https://registry.npmjs.org/@typescript-eslint/typescript-estree/-/typescript-estree-8.58.2.tgz. Extracting by manifest.
2061 silly tarball no local data for thenify@https://registry.npmjs.org/thenify/-/thenify-3.3.1.tgz. Extracting by manifest.
2062 silly tarball no local data for is-number@https://registry.npmjs.org/is-number/-/is-number-7.0.0.tgz. Extracting by manifest.
2063 silly tarball no local data for thenify-all@https://registry.npmjs.org/thenify-all/-/thenify-all-1.6.0.tgz. Extracting by manifest.
2064 silly tarball no local data for object-assign@https://registry.npmjs.org/object-assign/-/object-assign-4.1.1.tgz. Extracting by manifest.
2065 silly tarball no local data for ts-interface-checker@https://registry.npmjs.org/ts-interface-checker/-/ts-interface-checker-0.1.13.tgz. Extracting by manifest.
2066 silly tarball no local data for any-promise@https://registry.npmjs.org/any-promise/-/any-promise-1.3.0.tgz. Extracting by manifest.
2067 silly tarball no local data for pirates@https://registry.npmjs.org/pirates/-/pirates-4.0.7.tgz. Extracting by manifest.
2068 silly tarball no local data for tinyglobby@https://registry.npmjs.org/tinyglobby/-/tinyglobby-0.2.16.tgz. Extracting by manifest.
2069 silly tarball no local data for mz@https://registry.npmjs.org/mz/-/mz-2.7.0.tgz. Extracting by manifest.
2070 silly tarball no local data for lines-and-columns@https://registry.npmjs.org/lines-and-columns/-/lines-and-columns-1.2.4.tgz. Extracting by manifest.
2071 silly tarball no local data for queue-microtask@https://registry.npmjs.org/queue-microtask/-/queue-microtask-1.2.3.tgz. Extracting by manifest.
2072 silly tarball no local data for commander@https://registry.npmjs.org/commander/-/commander-4.1.1.tgz. Extracting by manifest.
2073 silly tarball no local data for hasown@https://registry.npmjs.org/hasown/-/hasown-2.0.3.tgz. Extracting by manifest.
2074 silly tarball no local data for function-bind@https://registry.npmjs.org/function-bind/-/function-bind-1.1.2.tgz. Extracting by manifest.
2075 silly tarball no local data for path-parse@https://registry.npmjs.org/path-parse/-/path-parse-1.0.7.tgz. Extracting by manifest.
2076 silly tarball no local data for supports-preserve-symlinks-flag@https://registry.npmjs.org/supports-preserve-symlinks-flag/-/supports-preserve-symlinks-flag-1.0.0.tgz. Extracting by manifest.
2077 silly tarball no local data for es-errors@https://registry.npmjs.org/es-errors/-/es-errors-1.3.0.tgz. Extracting by manifest.
2078 silly tarball no local data for util-deprecate@https://registry.npmjs.org/util-deprecate/-/util-deprecate-1.0.2.tgz. Extracting by manifest.
2079 silly tarball no local data for is-core-module@https://registry.npmjs.org/is-core-module/-/is-core-module-2.16.1.tgz. Extracting by manifest.
2080 silly tarball no local data for cssesc@https://registry.npmjs.org/cssesc/-/cssesc-3.0.0.tgz. Extracting by manifest.
2081 silly tarball no local data for pify@https://registry.npmjs.org/pify/-/pify-2.3.0.tgz. Extracting by manifest.
2082 silly tarball no local data for camelcase-css@https://registry.npmjs.org/camelcase-css/-/camelcase-css-2.0.1.tgz. Extracting by manifest.
2083 silly tarball no local data for read-cache@https://registry.npmjs.org/read-cache/-/read-cache-1.0.0.tgz. Extracting by manifest.
2084 silly tarball no local data for reusify@https://registry.npmjs.org/reusify/-/reusify-1.1.0.tgz. Extracting by manifest.
2085 silly tarball no local data for run-parallel@https://registry.npmjs.org/run-parallel/-/run-parallel-1.2.0.tgz. Extracting by manifest.
2086 silly tarball no local data for binary-extensions@https://registry.npmjs.org/binary-extensions/-/binary-extensions-2.3.0.tgz. Extracting by manifest.
2087 silly tarball no local data for fastq@https://registry.npmjs.org/fastq/-/fastq-1.20.1.tgz. Extracting by manifest.
2088 silly tarball no local data for to-regex-range@https://registry.npmjs.org/to-regex-range/-/to-regex-range-5.0.1.tgz. Extracting by manifest.
2089 silly tarball no local data for @nodelib/fs.stat@https://registry.npmjs.org/@nodelib/fs.stat/-/fs.stat-2.0.5.tgz. Extracting by manifest.
2090 silly tarball no local data for merge2@https://registry.npmjs.org/merge2/-/merge2-1.4.1.tgz. Extracting by manifest.
2091 silly tarball no local data for @nodelib/fs.scandir@https://registry.npmjs.org/@nodelib/fs.scandir/-/fs.scandir-2.1.5.tgz. Extracting by manifest.
2092 silly tarball no local data for fill-range@https://registry.npmjs.org/fill-range/-/fill-range-7.1.1.tgz. Extracting by manifest.
2093 silly tarball no local data for @nodelib/fs.walk@https://registry.npmjs.org/@nodelib/fs.walk/-/fs.walk-1.2.8.tgz. Extracting by manifest.
2094 silly tarball no local data for picomatch@https://registry.npmjs.org/picomatch/-/picomatch-2.3.2.tgz. Extracting by manifest.
2095 silly tarball no local data for is-binary-path@https://registry.npmjs.org/is-binary-path/-/is-binary-path-2.1.0.tgz. Extracting by manifest.
2096 silly tarball no local data for readdirp@https://registry.npmjs.org/readdirp/-/readdirp-3.6.0.tgz. Extracting by manifest.
2097 silly tarball no local data for sucrase@https://registry.npmjs.org/sucrase/-/sucrase-3.35.1.tgz. Extracting by manifest.
2098 silly tarball no local data for anymatch@https://registry.npmjs.org/anymatch/-/anymatch-3.1.3.tgz. Extracting by manifest.
2099 silly tarball no local data for braces@https://registry.npmjs.org/braces/-/braces-3.0.3.tgz. Extracting by manifest.
2100 silly tarball no local data for postcss-selector-parser@https://registry.npmjs.org/postcss-selector-parser/-/postcss-selector-parser-6.1.2.tgz. Extracting by manifest.
2101 silly tarball no local data for postcss-nested@https://registry.npmjs.org/postcss-nested/-/postcss-nested-6.2.0.tgz. Extracting by manifest.
2102 silly tarball no local data for resolve@https://registry.npmjs.org/resolve/-/resolve-1.22.12.tgz. Extracting by manifest.
2103 silly tarball no local data for object-hash@https://registry.npmjs.org/object-hash/-/object-hash-3.0.0.tgz. Extracting by manifest.
2104 silly tarball no local data for postcss-js@https://registry.npmjs.org/postcss-js/-/postcss-js-4.1.0.tgz. Extracting by manifest.
2105 silly tarball no local data for postcss-load-config@https://registry.npmjs.org/postcss-load-config/-/postcss-load-config-6.0.1.tgz. Extracting by manifest.
2106 silly tarball no local data for postcss-import@https://registry.npmjs.org/postcss-import/-/postcss-import-15.1.0.tgz. Extracting by manifest.
2107 silly tarball no local data for micromatch@https://registry.npmjs.org/micromatch/-/micromatch-4.0.8.tgz. Extracting by manifest.
2108 silly tarball no local data for fast-glob@https://registry.npmjs.org/fast-glob/-/fast-glob-3.3.3.tgz. Extracting by manifest.
2109 silly tarball no local data for didyoumean@https://registry.npmjs.org/didyoumean/-/didyoumean-1.2.2.tgz. Extracting by manifest.
2110 silly tarball no local data for jiti@https://registry.npmjs.org/jiti/-/jiti-1.21.7.tgz. Extracting by manifest.
2111 silly tarball no local data for normalize-path@https://registry.npmjs.org/normalize-path/-/normalize-path-3.0.0.tgz. Extracting by manifest.
2112 silly tarball no local data for lilconfig@https://registry.npmjs.org/lilconfig/-/lilconfig-3.1.3.tgz. Extracting by manifest.
2113 silly tarball no local data for arg@https://registry.npmjs.org/arg/-/arg-5.0.2.tgz. Extracting by manifest.
2114 silly tarball no local data for scheduler@https://registry.npmjs.org/scheduler/-/scheduler-0.23.2.tgz. Extracting by manifest.
2115 silly tarball no local data for dlv@https://registry.npmjs.org/dlv/-/dlv-1.1.3.tgz. Extracting by manifest.
2116 silly tarball no local data for chokidar@https://registry.npmjs.org/chokidar/-/chokidar-3.6.0.tgz. Extracting by manifest.
2117 silly tarball no local data for @alloc/quick-lru@https://registry.npmjs.org/@alloc/quick-lru/-/quick-lru-5.2.0.tgz. Extracting by manifest.
2118 silly tarball no local data for has-flag@https://registry.npmjs.org/has-flag/-/has-flag-4.0.0.tgz. Extracting by manifest.
2119 silly tarball no local data for source-map-js@https://registry.npmjs.org/source-map-js/-/source-map-js-1.2.1.tgz. Extracting by manifest.
2120 silly tarball no local data for shebang-regex@https://registry.npmjs.org/shebang-regex/-/shebang-regex-3.0.0.tgz. Extracting by manifest.
2121 silly tarball no local data for nanoid@https://registry.npmjs.org/nanoid/-/nanoid-3.3.11.tgz. Extracting by manifest.
2122 silly tarball no local data for loose-envify@https://registry.npmjs.org/loose-envify/-/loose-envify-1.4.0.tgz. Extracting by manifest.
2123 silly tarball no local data for word-wrap@https://registry.npmjs.org/word-wrap/-/word-wrap-1.2.5.tgz. Extracting by manifest.
2124 silly tarball no local data for callsites@https://registry.npmjs.org/callsites/-/callsites-3.1.0.tgz. Extracting by manifest.
2125 silly tarball no local data for p-limit@https://registry.npmjs.org/p-limit/-/p-limit-3.1.0.tgz. Extracting by manifest.
2126 silly tarball no local data for yocto-queue@https://registry.npmjs.org/yocto-queue/-/yocto-queue-0.1.0.tgz. Extracting by manifest.
2127 silly tarball no local data for concat-map@https://registry.npmjs.org/concat-map/-/concat-map-0.0.1.tgz. Extracting by manifest.
2128 silly tarball no local data for brace-expansion@https://registry.npmjs.org/brace-expansion/-/brace-expansion-1.1.14.tgz. Extracting by manifest.
2129 silly tarball no local data for fast-levenshtein@https://registry.npmjs.org/fast-levenshtein/-/fast-levenshtein-2.0.6.tgz. Extracting by manifest.
2130 silly tarball no local data for balanced-match@https://registry.npmjs.org/balanced-match/-/balanced-match-1.0.2.tgz. Extracting by manifest.
2131 silly tarball no local data for deep-is@https://registry.npmjs.org/deep-is/-/deep-is-0.1.4.tgz. Extracting by manifest.
2132 silly tarball no local data for argparse@https://registry.npmjs.org/argparse/-/argparse-2.0.1.tgz. Extracting by manifest.
2133 silly tarball no local data for type-check@https://registry.npmjs.org/type-check/-/type-check-0.4.0.tgz. Extracting by manifest.
2134 silly tarball no local data for yallist@https://registry.npmjs.org/yallist/-/yallist-3.1.1.tgz. Extracting by manifest.
2135 silly tarball no local data for json-buffer@https://registry.npmjs.org/json-buffer/-/json-buffer-3.0.1.tgz. Extracting by manifest.
2136 silly tarball no local data for prelude-ls@https://registry.npmjs.org/prelude-ls/-/prelude-ls-1.2.1.tgz. Extracting by manifest.
2137 silly tarball no local data for is-extglob@https://registry.npmjs.org/is-extglob/-/is-extglob-2.1.1.tgz. Extracting by manifest.
2138 silly tarball no local data for p-locate@https://registry.npmjs.org/p-locate/-/p-locate-5.0.0.tgz. Extracting by manifest.
2139 silly tarball no local data for keyv@https://registry.npmjs.org/keyv/-/keyv-4.5.4.tgz. Extracting by manifest.
2140 silly tarball no local data for parent-module@https://registry.npmjs.org/parent-module/-/parent-module-1.0.1.tgz. Extracting by manifest.
2141 silly tarball no local data for resolve-from@https://registry.npmjs.org/resolve-from/-/resolve-from-4.0.0.tgz. Extracting by manifest.
2142 silly tarball no local data for locate-path@https://registry.npmjs.org/locate-path/-/locate-path-6.0.0.tgz. Extracting by manifest.
2143 silly tarball no local data for path-exists@https://registry.npmjs.org/path-exists/-/path-exists-4.0.0.tgz. Extracting by manifest.
2144 silly tarball no local data for flat-cache@https://registry.npmjs.org/flat-cache/-/flat-cache-4.0.1.tgz. Extracting by manifest.
2145 silly tarball no local data for acorn-jsx@https://registry.npmjs.org/acorn-jsx/-/acorn-jsx-5.3.2.tgz. Extracting by manifest.
2146 silly tarball no local data for flatted@https://registry.npmjs.org/flatted/-/flatted-3.4.2.tgz. Extracting by manifest.
2147 silly tarball no local data for esrecurse@https://registry.npmjs.org/esrecurse/-/esrecurse-4.3.0.tgz. Extracting by manifest.
2148 silly tarball no local data for which@https://registry.npmjs.org/which/-/which-2.0.2.tgz. Extracting by manifest.
2149 silly tarball no local data for shebang-command@https://registry.npmjs.org/shebang-command/-/shebang-command-2.0.0.tgz. Extracting by manifest.
2150 silly tarball no local data for acorn@https://registry.npmjs.org/acorn/-/acorn-8.16.0.tgz. Extracting by manifest.
2151 silly tarball no local data for estraverse@https://registry.npmjs.org/estraverse/-/estraverse-5.3.0.tgz. Extracting by manifest.
2152 silly tarball no local data for color-name@https://registry.npmjs.org/color-name/-/color-name-1.1.4.tgz. Extracting by manifest.
2153 silly tarball no local data for path-key@https://registry.npmjs.org/path-key/-/path-key-3.1.1.tgz. Extracting by manifest.
2154 silly tarball no local data for supports-color@https://registry.npmjs.org/supports-color/-/supports-color-7.2.0.tgz. Extracting by manifest.
2155 silly tarball no local data for color-convert@https://registry.npmjs.org/color-convert/-/color-convert-2.0.1.tgz. Extracting by manifest.
2156 silly tarball no local data for json-schema-traverse@https://registry.npmjs.org/json-schema-traverse/-/json-schema-traverse-0.4.1.tgz. Extracting by manifest.
2157 silly tarball no local data for @humanfs/types@https://registry.npmjs.org/@humanfs/types/-/types-0.15.0.tgz. Extracting by manifest.
2158 silly tarball no local data for fast-json-stable-stringify@https://registry.npmjs.org/fast-json-stable-stringify/-/fast-json-stable-stringify-2.1.0.tgz. Extracting by manifest.
2159 silly tarball no local data for ansi-styles@https://registry.npmjs.org/ansi-styles/-/ansi-styles-4.3.0.tgz. Extracting by manifest.
2160 silly tarball no local data for uri-js@https://registry.npmjs.org/uri-js/-/uri-js-4.4.1.tgz. Extracting by manifest.
2161 silly tarball no local data for js-yaml@https://registry.npmjs.org/js-yaml/-/js-yaml-4.1.1.tgz. Extracting by manifest.
2162 silly tarball no local data for @humanfs/core@https://registry.npmjs.org/@humanfs/core/-/core-0.19.2.tgz. Extracting by manifest.
2163 silly tarball no local data for strip-json-comments@https://registry.npmjs.org/strip-json-comments/-/strip-json-comments-3.1.1.tgz. Extracting by manifest.
2164 silly tarball no local data for levn@https://registry.npmjs.org/levn/-/levn-0.4.1.tgz. Extracting by manifest.
2165 silly tarball no local data for @types/json-schema@https://registry.npmjs.org/@types/json-schema/-/json-schema-7.0.15.tgz. Extracting by manifest.
2166 silly tarball no local data for natural-compare@https://registry.npmjs.org/natural-compare/-/natural-compare-1.4.0.tgz. Extracting by manifest.
2167 silly tarball no local data for import-fresh@https://registry.npmjs.org/import-fresh/-/import-fresh-3.3.1.tgz. Extracting by manifest.
2168 silly tarball no local data for minimatch@https://registry.npmjs.org/minimatch/-/minimatch-3.1.5.tgz. Extracting by manifest.
2169 silly tarball no local data for @eslint/object-schema@https://registry.npmjs.org/@eslint/object-schema/-/object-schema-2.1.7.tgz. Extracting by manifest.
2170 silly tarball no local data for is-glob@https://registry.npmjs.org/is-glob/-/is-glob-4.0.3.tgz. Extracting by manifest.
2171 silly tarball no local data for optionator@https://registry.npmjs.org/optionator/-/optionator-0.9.4.tgz. Extracting by manifest.
2172 silly tarball no local data for ignore@https://registry.npmjs.org/ignore/-/ignore-5.3.2.tgz. Extracting by manifest.
2173 silly tarball no local data for lodash.merge@https://registry.npmjs.org/lodash.merge/-/lodash.merge-4.6.2.tgz. Extracting by manifest.
2174 silly tarball no local data for json-stable-stringify-without-jsonify@https://registry.npmjs.org/json-stable-stringify-without-jsonify/-/json-stable-stringify-without-jsonify-1.0.1.tgz. Extracting by manifest.
2175 silly tarball no local data for imurmurhash@https://registry.npmjs.org/imurmurhash/-/imurmurhash-0.1.4.tgz. Extracting by manifest.
2176 silly tarball no local data for glob-parent@https://registry.npmjs.org/glob-parent/-/glob-parent-6.0.2.tgz. Extracting by manifest.
2177 silly tarball no local data for file-entry-cache@https://registry.npmjs.org/file-entry-cache/-/file-entry-cache-8.0.0.tgz. Extracting by manifest.
2178 silly tarball no local data for find-up@https://registry.npmjs.org/find-up/-/find-up-5.0.0.tgz. Extracting by manifest.
2179 silly tarball no local data for fast-deep-equal@https://registry.npmjs.org/fast-deep-equal/-/fast-deep-equal-3.1.3.tgz. Extracting by manifest.
2180 silly tarball no local data for esquery@https://registry.npmjs.org/esquery/-/esquery-1.7.0.tgz. Extracting by manifest.
2181 silly tarball no local data for esutils@https://registry.npmjs.org/esutils/-/esutils-2.0.3.tgz. Extracting by manifest.
2182 silly tarball no local data for espree@https://registry.npmjs.org/espree/-/espree-10.4.0.tgz. Extracting by manifest.
2183 silly tarball no local data for eslint-visitor-keys@https://registry.npmjs.org/eslint-visitor-keys/-/eslint-visitor-keys-4.2.1.tgz. Extracting by manifest.
2184 silly tarball no local data for cross-spawn@https://registry.npmjs.org/cross-spawn/-/cross-spawn-7.0.6.tgz. Extracting by manifest.
2185 silly tarball no local data for chalk@https://registry.npmjs.org/chalk/-/chalk-4.1.2.tgz. Extracting by manifest.
2186 silly tarball no local data for escape-string-regexp@https://registry.npmjs.org/escape-string-regexp/-/escape-string-regexp-4.0.0.tgz. Extracting by manifest.
2187 silly tarball no local data for eslint-scope@https://registry.npmjs.org/eslint-scope/-/eslint-scope-8.4.0.tgz. Extracting by manifest.
2188 silly tarball no local data for ajv@https://registry.npmjs.org/ajv/-/ajv-6.14.0.tgz. Extracting by manifest.
2189 silly tarball no local data for @types/estree@https://registry.npmjs.org/@types/estree/-/estree-1.0.8.tgz. Extracting by manifest.
2190 silly tarball no local data for @humanfs/node@https://registry.npmjs.org/@humanfs/node/-/node-0.16.8.tgz. Extracting by manifest.
2191 silly tarball no local data for @eslint/plugin-kit@https://registry.npmjs.org/@eslint/plugin-kit/-/plugin-kit-0.4.1.tgz. Extracting by manifest.
2192 silly tarball no local data for @humanwhocodes/retry@https://registry.npmjs.org/@humanwhocodes/retry/-/retry-0.4.3.tgz. Extracting by manifest.
2193 silly tarball no local data for @humanwhocodes/module-importer@https://registry.npmjs.org/@humanwhocodes/module-importer/-/module-importer-1.0.1.tgz. Extracting by manifest.
2194 silly tarball no local data for @eslint-community/regexpp@https://registry.npmjs.org/@eslint-community/regexpp/-/regexpp-4.12.2.tgz. Extracting by manifest.
2195 silly tarball no local data for @eslint/eslintrc@https://registry.npmjs.org/@eslint/eslintrc/-/eslintrc-3.3.5.tgz. Extracting by manifest.
2196 silly tarball no local data for @eslint/core@https://registry.npmjs.org/@eslint/core/-/core-0.17.0.tgz. Extracting by manifest.
2197 silly tarball no local data for @eslint/config-helpers@https://registry.npmjs.org/@eslint/config-helpers/-/config-helpers-0.4.2.tgz. Extracting by manifest.
2198 silly tarball no local data for ms@https://registry.npmjs.org/ms/-/ms-2.1.3.tgz. Extracting by manifest.
2199 silly tarball no local data for @eslint/config-array@https://registry.npmjs.org/@eslint/config-array/-/config-array-0.21.2.tgz. Extracting by manifest.
2200 silly tarball no local data for electron-to-chromium@https://registry.npmjs.org/electron-to-chromium/-/electron-to-chromium-1.5.340.tgz. Extracting by manifest.
2201 silly tarball no local data for @eslint-community/eslint-utils@https://registry.npmjs.org/@eslint-community/eslint-utils/-/eslint-utils-4.9.1.tgz. Extracting by manifest.
2202 silly tarball no local data for update-browserslist-db@https://registry.npmjs.org/update-browserslist-db/-/update-browserslist-db-1.2.3.tgz. Extracting by manifest.
2203 silly tarball no local data for baseline-browser-mapping@https://registry.npmjs.org/baseline-browser-mapping/-/baseline-browser-mapping-2.10.20.tgz. Extracting by manifest.
2204 silly tarball no local data for node-releases@https://registry.npmjs.org/node-releases/-/node-releases-2.0.37.tgz. Extracting by manifest.
2205 silly tarball no local data for postcss-value-parser@https://registry.npmjs.org/postcss-value-parser/-/postcss-value-parser-4.2.0.tgz. Extracting by manifest.
2206 silly tarball no local data for fraction.js@https://registry.npmjs.org/fraction.js/-/fraction.js-5.3.4.tgz. Extracting by manifest.
2207 silly tarball no local data for @types/babel__traverse@https://registry.npmjs.org/@types/babel__traverse/-/babel__traverse-7.28.0.tgz. Extracting by manifest.
2208 silly tarball no local data for @types/babel__generator@https://registry.npmjs.org/@types/babel__generator/-/babel__generator-7.27.0.tgz. Extracting by manifest.
2209 silly tarball no local data for caniuse-lite@https://registry.npmjs.org/caniuse-lite/-/caniuse-lite-1.0.30001788.tgz. Extracting by manifest.
2210 silly tarball no local data for @types/babel__template@https://registry.npmjs.org/@types/babel__template/-/babel__template-7.4.4.tgz. Extracting by manifest.
2211 silly tarball no local data for @jridgewell/sourcemap-codec@https://registry.npmjs.org/@jridgewell/sourcemap-codec/-/sourcemap-codec-1.5.5.tgz. Extracting by manifest.
2212 silly tarball no local data for @jridgewell/resolve-uri@https://registry.npmjs.org/@jridgewell/resolve-uri/-/resolve-uri-3.1.2.tgz. Extracting by manifest.
2213 silly tarball no local data for @babel/helper-plugin-utils@https://registry.npmjs.org/@babel/helper-plugin-utils/-/helper-plugin-utils-7.28.6.tgz. Extracting by manifest.
2214 silly tarball no local data for @babel/helper-module-imports@https://registry.npmjs.org/@babel/helper-module-imports/-/helper-module-imports-7.28.6.tgz. Extracting by manifest.
2215 silly tarball no local data for @babel/helper-globals@https://registry.npmjs.org/@babel/helper-globals/-/helper-globals-7.28.0.tgz. Extracting by manifest.
2216 silly tarball no local data for @babel/helper-string-parser@https://registry.npmjs.org/@babel/helper-string-parser/-/helper-string-parser-7.27.1.tgz. Extracting by manifest.
2217 silly tarball no local data for lru-cache@https://registry.npmjs.org/lru-cache/-/lru-cache-5.1.1.tgz. Extracting by manifest.
2218 silly tarball no local data for @babel/helper-validator-option@https://registry.npmjs.org/@babel/helper-validator-option/-/helper-validator-option-7.27.1.tgz. Extracting by manifest.
2219 silly tarball no local data for jsesc@https://registry.npmjs.org/jsesc/-/jsesc-3.1.0.tgz. Extracting by manifest.
2220 silly tarball no local data for @babel/compat-data@https://registry.npmjs.org/@babel/compat-data/-/compat-data-7.29.0.tgz. Extracting by manifest.
2221 silly tarball no local data for browserslist@https://registry.npmjs.org/browserslist/-/browserslist-4.28.2.tgz. Extracting by manifest.
2222 silly tarball no local data for picocolors@https://registry.npmjs.org/picocolors/-/picocolors-1.1.1.tgz. Extracting by manifest.
2223 silly tarball no local data for @jridgewell/trace-mapping@https://registry.npmjs.org/@jridgewell/trace-mapping/-/trace-mapping-0.3.31.tgz. Extracting by manifest.
2224 silly tarball no local data for @jridgewell/gen-mapping@https://registry.npmjs.org/@jridgewell/gen-mapping/-/gen-mapping-0.3.13.tgz. Extracting by manifest.
2225 silly tarball no local data for js-tokens@https://registry.npmjs.org/js-tokens/-/js-tokens-4.0.0.tgz. Extracting by manifest.
2226 silly tarball no local data for @babel/helper-validator-identifier@https://registry.npmjs.org/@babel/helper-validator-identifier/-/helper-validator-identifier-7.28.5.tgz. Extracting by manifest.
2227 silly tarball no local data for json5@https://registry.npmjs.org/json5/-/json5-2.2.3.tgz. Extracting by manifest.
2228 silly tarball no local data for gensync@https://registry.npmjs.org/gensync/-/gensync-1.0.0-beta.2.tgz. Extracting by manifest.
2229 silly tarball no local data for debug@https://registry.npmjs.org/debug/-/debug-4.4.3.tgz. Extracting by manifest.
2230 silly tarball no local data for semver@https://registry.npmjs.org/semver/-/semver-6.3.1.tgz. Extracting by manifest.
2231 silly tarball no local data for @babel/traverse@https://registry.npmjs.org/@babel/traverse/-/traverse-7.29.0.tgz. Extracting by manifest.
2232 silly tarball no local data for @jridgewell/remapping@https://registry.npmjs.org/@jridgewell/remapping/-/remapping-2.3.5.tgz. Extracting by manifest.
2233 silly tarball no local data for @babel/template@https://registry.npmjs.org/@babel/template/-/template-7.28.6.tgz. Extracting by manifest.
2234 silly tarball no local data for convert-source-map@https://registry.npmjs.org/convert-source-map/-/convert-source-map-2.0.0.tgz. Extracting by manifest.
2235 silly tarball no local data for @babel/types@https://registry.npmjs.org/@babel/types/-/types-7.29.0.tgz. Extracting by manifest.
2236 silly tarball no local data for @babel/parser@https://registry.npmjs.org/@babel/parser/-/parser-7.29.2.tgz. Extracting by manifest.
2237 silly tarball no local data for @babel/helper-module-transforms@https://registry.npmjs.org/@babel/helper-module-transforms/-/helper-module-transforms-7.28.6.tgz. Extracting by manifest.
2238 silly tarball no local data for @babel/helpers@https://registry.npmjs.org/@babel/helpers/-/helpers-7.29.2.tgz. Extracting by manifest.
2239 silly tarball no local data for @babel/code-frame@https://registry.npmjs.org/@babel/code-frame/-/code-frame-7.29.0.tgz. Extracting by manifest.
2240 silly tarball no local data for @babel/generator@https://registry.npmjs.org/@babel/generator/-/generator-7.29.1.tgz. Extracting by manifest.
2241 silly tarball no local data for @babel/helper-compilation-targets@https://registry.npmjs.org/@babel/helper-compilation-targets/-/helper-compilation-targets-7.28.6.tgz. Extracting by manifest.
2242 silly tarball no local data for react-refresh@https://registry.npmjs.org/react-refresh/-/react-refresh-0.17.0.tgz. Extracting by manifest.
2243 silly tarball no local data for @rolldown/pluginutils@https://registry.npmjs.org/@rolldown/pluginutils/-/pluginutils-1.0.0-beta.27.tgz. Extracting by manifest.
2244 silly tarball no local data for @types/babel__core@https://registry.npmjs.org/@types/babel__core/-/babel__core-7.20.5.tgz. Extracting by manifest.
2245 silly tarball no local data for @babel/plugin-transform-react-jsx-self@https://registry.npmjs.org/@babel/plugin-transform-react-jsx-self/-/plugin-transform-react-jsx-self-7.27.1.tgz. Extracting by manifest.
2246 silly tarball no local data for csstype@https://registry.npmjs.org/csstype/-/csstype-3.2.3.tgz. Extracting by manifest.
2247 silly tarball no local data for @types/prop-types@https://registry.npmjs.org/@types/prop-types/-/prop-types-15.7.15.tgz. Extracting by manifest.
2248 silly tarball no local data for @babel/core@https://registry.npmjs.org/@babel/core/-/core-7.29.0.tgz. Extracting by manifest.
2249 silly tarball no local data for @babel/plugin-transform-react-jsx-source@https://registry.npmjs.org/@babel/plugin-transform-react-jsx-source/-/plugin-transform-react-jsx-source-7.27.1.tgz. Extracting by manifest.
2250 silly tarball no local data for @dnd-kit/accessibility@https://registry.npmjs.org/@dnd-kit/accessibility/-/accessibility-3.1.1.tgz. Extracting by manifest.
2251 silly tarball no local data for zustand@https://registry.npmjs.org/zustand/-/zustand-4.5.7.tgz. Extracting by manifest.
2252 silly tarball no local data for typescript-eslint@https://registry.npmjs.org/typescript-eslint/-/typescript-eslint-8.58.2.tgz. Extracting by manifest.
2253 silly tarball no local data for typescript@https://registry.npmjs.org/typescript/-/typescript-5.9.3.tgz. Extracting by manifest.
2254 silly tarball no local data for tslib@https://registry.npmjs.org/tslib/-/tslib-2.8.1.tgz. Extracting by manifest.
2255 silly tarball no local data for tailwindcss@https://registry.npmjs.org/tailwindcss/-/tailwindcss-3.4.19.tgz. Extracting by manifest.
2256 silly tarball no local data for lucide-react@https://registry.npmjs.org/lucide-react/-/lucide-react-0.378.0.tgz. Extracting by manifest.
2257 silly tarball no local data for eslint-plugin-react-refresh@https://registry.npmjs.org/eslint-plugin-react-refresh/-/eslint-plugin-react-refresh-0.4.26.tgz. Extracting by manifest.
2258 silly tarball no local data for globals@https://registry.npmjs.org/globals/-/globals-15.15.0.tgz. Extracting by manifest.
2259 silly tarball no local data for eslint@https://registry.npmjs.org/eslint/-/eslint-9.39.4.tgz. Extracting by manifest.
2260 silly tarball no local data for postcss@https://registry.npmjs.org/postcss/-/postcss-8.5.10.tgz. Extracting by manifest.
2261 silly tarball no local data for date-fns@https://registry.npmjs.org/date-fns/-/date-fns-3.6.0.tgz. Extracting by manifest.
2262 silly tarball no local data for autoprefixer@https://registry.npmjs.org/autoprefixer/-/autoprefixer-10.5.0.tgz. Extracting by manifest.
2263 silly tarball no local data for eslint-plugin-react-hooks@https://registry.npmjs.org/eslint-plugin-react-hooks/-/eslint-plugin-react-hooks-5.2.0.tgz. Extracting by manifest.
2264 silly tarball no local data for @types/react-dom@https://registry.npmjs.org/@types/react-dom/-/react-dom-18.3.7.tgz. Extracting by manifest.
2265 silly tarball no local data for @vitejs/plugin-react@https://registry.npmjs.org/@vitejs/plugin-react/-/plugin-react-4.7.0.tgz. Extracting by manifest.
2266 silly tarball no local data for @dnd-kit/utilities@https://registry.npmjs.org/@dnd-kit/utilities/-/utilities-3.2.2.tgz. Extracting by manifest.
2267 silly tarball no local data for vite@https://registry.npmjs.org/vite/-/vite-5.4.21.tgz. Extracting by manifest.
2268 silly tarball no local data for @eslint/js@https://registry.npmjs.org/@eslint/js/-/js-9.39.4.tgz. Extracting by manifest.
2269 silly tarball no local data for @dnd-kit/sortable@https://registry.npmjs.org/@dnd-kit/sortable/-/sortable-8.0.0.tgz. Extracting by manifest.
2270 silly tarball no local data for @types/react@https://registry.npmjs.org/@types/react/-/react-18.3.28.tgz. Extracting by manifest.
2271 silly tarball no local data for @dnd-kit/core@https://registry.npmjs.org/@dnd-kit/core/-/core-6.3.1.tgz. Extracting by manifest.
2272 silly tarball no local data for react-dom@https://registry.npmjs.org/react-dom/-/react-dom-18.3.1.tgz. Extracting by manifest.
2273 silly tarball no local data for react@https://registry.npmjs.org/react/-/react-18.3.1.tgz. Extracting by manifest.
2274 silly tarball no local data for eslint-visitor-keys@https://registry.npmjs.org/eslint-visitor-keys/-/eslint-visitor-keys-5.0.1.tgz. Extracting by manifest.
2275 silly tarball no local data for balanced-match@https://registry.npmjs.org/balanced-match/-/balanced-match-4.0.4.tgz. Extracting by manifest.
2276 silly tarball no local data for ignore@https://registry.npmjs.org/ignore/-/ignore-7.0.5.tgz. Extracting by manifest.
2277 silly tarball no local data for semver@https://registry.npmjs.org/semver/-/semver-7.7.4.tgz. Extracting by manifest.
2278 silly tarball no local data for brace-expansion@https://registry.npmjs.org/brace-expansion/-/brace-expansion-5.0.5.tgz. Extracting by manifest.
2279 silly tarball no local data for minimatch@https://registry.npmjs.org/minimatch/-/minimatch-10.2.5.tgz. Extracting by manifest.
2280 silly tarball no local data for picomatch@https://registry.npmjs.org/picomatch/-/picomatch-4.0.4.tgz. Extracting by manifest.
2281 silly tarball no local data for fdir@https://registry.npmjs.org/fdir/-/fdir-6.5.0.tgz. Extracting by manifest.
2282 silly tarball no local data for glob-parent@https://registry.npmjs.org/glob-parent/-/glob-parent-5.1.2.tgz. Extracting by manifest.
2283 silly tarball no local data for glob-parent@https://registry.npmjs.org/glob-parent/-/glob-parent-5.1.2.tgz. Extracting by manifest.
2284 silly tarball no local data for eslint-visitor-keys@https://registry.npmjs.org/eslint-visitor-keys/-/eslint-visitor-keys-3.4.3.tgz. Extracting by manifest.
2285 silly tarball no local data for globals@https://registry.npmjs.org/globals/-/globals-14.0.0.tgz. Extracting by manifest.
2286 http fetch POST 200 https://registry.npmjs.org/-/npm/v1/security/advisories/bulk 301ms
2287 silly audit report {
2287 silly audit report   vite: [
2287 silly audit report     {
2287 silly audit report       id: 1116229,
2287 silly audit report       url: 'https://github.com/advisories/GHSA-4w7w-66w2-5vf9',
2287 silly audit report       title: 'Vite Vulnerable to Path Traversal in Optimized Deps `.map` Handling',
2287 silly audit report       severity: 'moderate',
2287 silly audit report       vulnerable_versions: '<=6.4.1',
2287 silly audit report       cwe: [Array],
2287 silly audit report       cvss: [Object]
2287 silly audit report     }
2287 silly audit report   ],
2287 silly audit report   esbuild: [
2287 silly audit report     {
2287 silly audit report       id: 1102341,
2287 silly audit report       url: 'https://github.com/advisories/GHSA-67mh-4wv8-2f99',
2287 silly audit report       title: 'esbuild enables any website to send any requests to the development server and read the response',
2287 silly audit report       severity: 'moderate',
2287 silly audit report       vulnerable_versions: '<=0.24.2',
2287 silly audit report       cwe: [Array],
2287 silly audit report       cvss: [Object]
2287 silly audit report     }
2287 silly audit report   ]
2287 silly audit report }
2288 silly packumentCache corgi:https://registry.npmjs.org/vite cache-miss
2289 silly packumentCache corgi:https://registry.npmjs.org/esbuild cache-miss
2290 http fetch GET 200 https://registry.npmjs.org/use-sync-external-store/-/use-sync-external-store-1.6.0.tgz 343ms (cache miss)
2291 http fetch GET 200 https://registry.npmjs.org/punycode/-/punycode-2.3.1.tgz 342ms (cache miss)
2292 http fetch GET 200 https://registry.npmjs.org/escalade/-/escalade-3.2.0.tgz 346ms (cache miss)
2293 http fetch GET 200 https://registry.npmjs.org/isexe/-/isexe-2.0.0.tgz 351ms (cache miss)
2294 http fetch GET 200 https://registry.npmjs.org/@typescript-eslint/tsconfig-utils/-/tsconfig-utils-8.58.2.tgz 353ms (cache miss)
2295 http fetch GET 200 https://registry.npmjs.org/esbuild/-/esbuild-0.21.5.tgz 377ms (cache miss)
2296 http fetch GET 200 https://registry.npmjs.org/@rollup/rollup-win32-x64-gnu/-/rollup-win32-x64-gnu-4.60.2.tgz 442ms (cache miss)
2297 http fetch GET 200 https://registry.npmjs.org/@rollup/rollup-win32-x64-msvc/-/rollup-win32-x64-msvc-4.60.2.tgz 466ms (cache miss)
2298 http fetch GET 200 https://registry.npmjs.org/is-number/-/is-number-7.0.0.tgz 558ms (cache miss)
2299 http fetch GET 200 https://registry.npmjs.org/thenify/-/thenify-3.3.1.tgz 569ms (cache miss)
2300 http fetch GET 200 https://registry.npmjs.org/thenify-all/-/thenify-all-1.6.0.tgz 583ms (cache miss)
2301 http fetch GET 200 https://registry.npmjs.org/object-assign/-/object-assign-4.1.1.tgz 594ms (cache miss)
2302 http fetch GET 200 https://registry.npmjs.org/@typescript-eslint/parser/-/parser-8.58.2.tgz 598ms (cache miss)
2303 http fetch GET 200 https://registry.npmjs.org/rollup/-/rollup-4.60.2.tgz 615ms (cache miss)
2304 http fetch GET 200 https://registry.npmjs.org/@typescript-eslint/type-utils/-/type-utils-8.58.2.tgz 649ms (cache miss)
2305 http fetch GET 200 https://registry.npmjs.org/ts-interface-checker/-/ts-interface-checker-0.1.13.tgz 659ms (cache miss)
2306 http fetch GET 200 https://registry.npmjs.org/tinyglobby/-/tinyglobby-0.2.16.tgz 755ms (cache miss)
2307 http fetch GET 200 https://registry.npmjs.org/pirates/-/pirates-4.0.7.tgz 756ms (cache miss)
2308 http fetch GET 200 https://registry.npmjs.org/queue-microtask/-/queue-microtask-1.2.3.tgz 765ms (cache miss)
2309 http fetch GET 200 https://registry.npmjs.org/lines-and-columns/-/lines-and-columns-1.2.4.tgz 767ms (cache miss)
2310 http fetch GET 200 https://registry.npmjs.org/function-bind/-/function-bind-1.1.2.tgz 785ms (cache miss)
2311 http fetch GET 200 https://registry.npmjs.org/hasown/-/hasown-2.0.3.tgz 792ms (cache miss)
2312 http fetch GET 200 https://registry.npmjs.org/commander/-/commander-4.1.1.tgz 797ms (cache miss)
2313 http fetch GET 200 https://registry.npmjs.org/path-parse/-/path-parse-1.0.7.tgz 804ms (cache miss)
2314 http fetch GET 200 https://registry.npmjs.org/mz/-/mz-2.7.0.tgz 814ms (cache miss)
2315 http fetch GET 200 https://registry.npmjs.org/supports-preserve-symlinks-flag/-/supports-preserve-symlinks-flag-1.0.0.tgz 841ms (cache miss)
2316 http fetch GET 200 https://registry.npmjs.org/@esbuild/win32-x64/-/win32-x64-0.21.5.tgz 873ms (cache miss)
2317 http fetch GET 200 https://registry.npmjs.org/any-promise/-/any-promise-1.3.0.tgz 869ms (cache miss)
2318 http fetch GET 200 https://registry.npmjs.org/ts-api-utils/-/ts-api-utils-2.5.0.tgz 949ms (cache miss)
2319 http fetch GET 200 https://registry.npmjs.org/@typescript-eslint/utils/-/utils-8.58.2.tgz 962ms (cache miss)
2320 http fetch GET 200 https://registry.npmjs.org/es-errors/-/es-errors-1.3.0.tgz 969ms (cache miss)
2321 http fetch GET 200 https://registry.npmjs.org/cssesc/-/cssesc-3.0.0.tgz 970ms (cache miss)
2322 http fetch GET 200 https://registry.npmjs.org/util-deprecate/-/util-deprecate-1.0.2.tgz 972ms (cache miss)
2323 http fetch GET 200 https://registry.npmjs.org/is-core-module/-/is-core-module-2.16.1.tgz 977ms (cache miss)
2324 http fetch GET 200 https://registry.npmjs.org/pify/-/pify-2.3.0.tgz 999ms (cache miss)
2325 http fetch GET 200 https://registry.npmjs.org/camelcase-css/-/camelcase-css-2.0.1.tgz 1012ms (cache miss)
2326 http fetch GET 200 https://registry.npmjs.org/read-cache/-/read-cache-1.0.0.tgz 1012ms (cache miss)
2327 http fetch GET 200 https://registry.npmjs.org/@typescript-eslint/project-service/-/project-service-8.58.2.tgz 1030ms (cache miss)
2328 http fetch GET 200 https://registry.npmjs.org/run-parallel/-/run-parallel-1.2.0.tgz 1019ms (cache miss)
2329 http fetch GET 200 https://registry.npmjs.org/reusify/-/reusify-1.1.0.tgz 1021ms (cache miss)
2330 http fetch GET 200 https://registry.npmjs.org/@typescript-eslint/visitor-keys/-/visitor-keys-8.58.2.tgz 1048ms (cache miss)
2331 http fetch GET 200 https://registry.npmjs.org/binary-extensions/-/binary-extensions-2.3.0.tgz 1034ms (cache miss)
2332 http fetch GET 200 https://registry.npmjs.org/@typescript-eslint/typescript-estree/-/typescript-estree-8.58.2.tgz 1047ms (cache miss)
2333 http fetch GET 200 https://registry.npmjs.org/fastq/-/fastq-1.20.1.tgz 1049ms (cache miss)
2334 http fetch GET 200 https://registry.npmjs.org/@typescript-eslint/types/-/types-8.58.2.tgz 1077ms (cache miss)
2335 http fetch GET 200 https://registry.npmjs.org/to-regex-range/-/to-regex-range-5.0.1.tgz 1108ms (cache miss)
2336 http fetch GET 200 https://registry.npmjs.org/fill-range/-/fill-range-7.1.1.tgz 1138ms (cache miss)
2337 http fetch GET 200 https://registry.npmjs.org/merge2/-/merge2-1.4.1.tgz 1140ms (cache miss)
2338 http fetch GET 200 https://registry.npmjs.org/@nodelib/fs.scandir/-/fs.scandir-2.1.5.tgz 1141ms (cache miss)
2339 http fetch GET 200 https://registry.npmjs.org/is-binary-path/-/is-binary-path-2.1.0.tgz 1158ms (cache miss)
2340 http fetch GET 200 https://registry.npmjs.org/picomatch/-/picomatch-2.3.2.tgz 1174ms (cache miss)
2341 http fetch GET 200 https://registry.npmjs.org/anymatch/-/anymatch-3.1.3.tgz 1177ms (cache miss)
2342 http fetch GET 200 https://registry.npmjs.org/readdirp/-/readdirp-3.6.0.tgz 1185ms (cache miss)
2343 http fetch GET 200 https://registry.npmjs.org/@nodelib/fs.walk/-/fs.walk-1.2.8.tgz 1211ms (cache miss)
2344 http fetch GET 200 https://registry.npmjs.org/@nodelib/fs.stat/-/fs.stat-2.0.5.tgz 1217ms (cache miss)
2345 http fetch GET 200 https://registry.npmjs.org/braces/-/braces-3.0.3.tgz 1223ms (cache miss)
2346 http fetch GET 200 https://registry.npmjs.org/postcss-nested/-/postcss-nested-6.2.0.tgz 1261ms (cache miss)
2347 http fetch GET 200 https://registry.npmjs.org/object-hash/-/object-hash-3.0.0.tgz 1326ms (cache miss)
2348 http fetch GET 200 https://registry.npmjs.org/postcss-js/-/postcss-js-4.1.0.tgz 1339ms (cache miss)
2349 http fetch GET 200 https://registry.npmjs.org/postcss-selector-parser/-/postcss-selector-parser-6.1.2.tgz 1346ms (cache miss)
2350 http fetch GET 200 https://registry.npmjs.org/micromatch/-/micromatch-4.0.8.tgz 1364ms (cache miss)
2351 http fetch GET 200 https://registry.npmjs.org/didyoumean/-/didyoumean-1.2.2.tgz 1378ms (cache miss)
2352 http fetch GET 200 https://registry.npmjs.org/normalize-path/-/normalize-path-3.0.0.tgz 1382ms (cache miss)
2353 http fetch GET 200 https://registry.npmjs.org/postcss-import/-/postcss-import-15.1.0.tgz 1401ms (cache miss)
2354 http fetch GET 200 https://registry.npmjs.org/arg/-/arg-5.0.2.tgz 1402ms (cache miss)
2355 http fetch GET 200 https://registry.npmjs.org/lilconfig/-/lilconfig-3.1.3.tgz 1403ms (cache miss)
2356 http fetch GET 200 https://registry.npmjs.org/postcss-load-config/-/postcss-load-config-6.0.1.tgz 1407ms (cache miss)
2357 http fetch GET 200 https://registry.npmjs.org/dlv/-/dlv-1.1.3.tgz 1408ms (cache miss)
2358 http fetch GET 200 https://registry.npmjs.org/scheduler/-/scheduler-0.23.2.tgz 1461ms (cache miss)
2359 http fetch GET 200 https://registry.npmjs.org/@alloc/quick-lru/-/quick-lru-5.2.0.tgz 1468ms (cache miss)
2360 http fetch GET 200 https://registry.npmjs.org/chokidar/-/chokidar-3.6.0.tgz 1472ms (cache miss)
2361 http fetch GET 200 https://registry.npmjs.org/jiti/-/jiti-1.21.7.tgz 1526ms (cache miss)
2362 http fetch GET 200 https://registry.npmjs.org/has-flag/-/has-flag-4.0.0.tgz 1530ms (cache miss)
2363 http fetch GET 200 https://registry.npmjs.org/shebang-regex/-/shebang-regex-3.0.0.tgz 1542ms (cache miss)
2364 http fetch GET 200 https://registry.npmjs.org/nanoid/-/nanoid-3.3.11.tgz 1560ms (cache miss)
2365 http fetch GET 200 https://registry.npmjs.org/callsites/-/callsites-3.1.0.tgz 1584ms (cache miss)
2366 http fetch GET 200 https://registry.npmjs.org/loose-envify/-/loose-envify-1.4.0.tgz 1590ms (cache miss)
2367 http fetch GET 200 https://registry.npmjs.org/word-wrap/-/word-wrap-1.2.5.tgz 1600ms (cache miss)
2368 http fetch GET 200 https://registry.npmjs.org/fast-levenshtein/-/fast-levenshtein-2.0.6.tgz 1614ms (cache miss)
2369 http fetch GET 200 https://registry.npmjs.org/p-limit/-/p-limit-3.1.0.tgz 1617ms (cache miss)
2370 http fetch GET 200 https://registry.npmjs.org/yocto-queue/-/yocto-queue-0.1.0.tgz 1617ms (cache miss)
2371 http fetch GET 200 https://registry.npmjs.org/concat-map/-/concat-map-0.0.1.tgz 1617ms (cache miss)
2372 http fetch GET 200 https://registry.npmjs.org/brace-expansion/-/brace-expansion-1.1.14.tgz 1626ms (cache miss)
2373 http fetch GET 200 https://registry.npmjs.org/balanced-match/-/balanced-match-1.0.2.tgz 1636ms (cache miss)
2374 http fetch GET 200 https://registry.npmjs.org/source-map-js/-/source-map-js-1.2.1.tgz 1642ms (cache miss)
2375 http fetch GET 200 https://registry.npmjs.org/fast-glob/-/fast-glob-3.3.3.tgz 1658ms (cache miss)
2376 http fetch GET 200 https://registry.npmjs.org/deep-is/-/deep-is-0.1.4.tgz 1673ms (cache miss)
2377 http fetch GET 200 https://registry.npmjs.org/argparse/-/argparse-2.0.1.tgz 1679ms (cache miss)
2378 http fetch GET 200 https://registry.npmjs.org/yallist/-/yallist-3.1.1.tgz 1729ms (cache miss)
2379 http fetch GET 200 https://registry.npmjs.org/type-check/-/type-check-0.4.0.tgz 1735ms (cache miss)
2380 http fetch GET 200 https://registry.npmjs.org/json-buffer/-/json-buffer-3.0.1.tgz 1737ms (cache miss)
2381 http fetch GET 200 https://registry.npmjs.org/prelude-ls/-/prelude-ls-1.2.1.tgz 1771ms (cache miss)
2382 http fetch GET 200 https://registry.npmjs.org/p-locate/-/p-locate-5.0.0.tgz 1775ms (cache miss)
2383 http fetch GET 200 https://registry.npmjs.org/is-extglob/-/is-extglob-2.1.1.tgz 1779ms (cache miss)
2384 http fetch GET 200 https://registry.npmjs.org/resolve/-/resolve-1.22.12.tgz 1815ms (cache miss)
2385 http fetch GET 200 https://registry.npmjs.org/keyv/-/keyv-4.5.4.tgz 1806ms (cache miss)
2386 http fetch GET 200 https://registry.npmjs.org/resolve-from/-/resolve-from-4.0.0.tgz 1809ms (cache miss)
2387 http fetch GET 200 https://registry.npmjs.org/parent-module/-/parent-module-1.0.1.tgz 1816ms (cache miss)
2388 http fetch GET 200 https://registry.npmjs.org/path-exists/-/path-exists-4.0.0.tgz 1816ms (cache miss)
2389 http fetch GET 200 https://registry.npmjs.org/flat-cache/-/flat-cache-4.0.1.tgz 1818ms (cache miss)
2390 http fetch GET 200 https://registry.npmjs.org/locate-path/-/locate-path-6.0.0.tgz 1828ms (cache miss)
2391 http fetch GET 200 https://registry.npmjs.org/acorn-jsx/-/acorn-jsx-5.3.2.tgz 1833ms (cache miss)
2392 http fetch GET 200 https://registry.npmjs.org/esrecurse/-/esrecurse-4.3.0.tgz 1890ms (cache miss)
2393 http fetch GET 200 https://registry.npmjs.org/which/-/which-2.0.2.tgz 1924ms (cache miss)
2394 http fetch GET 200 https://registry.npmjs.org/flatted/-/flatted-3.4.2.tgz 1928ms (cache miss)
2395 http fetch GET 200 https://registry.npmjs.org/shebang-command/-/shebang-command-2.0.0.tgz 1940ms (cache miss)
2396 http fetch GET 200 https://registry.npmjs.org/estraverse/-/estraverse-5.3.0.tgz 1978ms (cache miss)
2397 http fetch GET 200 https://registry.npmjs.org/color-name/-/color-name-1.1.4.tgz 1991ms (cache miss)
2398 http fetch GET 200 https://registry.npmjs.org/path-key/-/path-key-3.1.1.tgz 2003ms (cache miss)
2399 http fetch GET 200 https://registry.npmjs.org/acorn/-/acorn-8.16.0.tgz 2015ms (cache miss)
2400 http fetch GET 200 https://registry.npmjs.org/supports-color/-/supports-color-7.2.0.tgz 2054ms (cache miss)
2401 http fetch GET 200 https://registry.npmjs.org/fast-json-stable-stringify/-/fast-json-stable-stringify-2.1.0.tgz 2058ms (cache miss)
2402 http fetch GET 200 https://registry.npmjs.org/color-convert/-/color-convert-2.0.1.tgz 2060ms (cache miss)
2403 http fetch GET 200 https://registry.npmjs.org/ansi-styles/-/ansi-styles-4.3.0.tgz 2060ms (cache miss)
2404 http fetch GET 200 https://registry.npmjs.org/@humanfs/types/-/types-0.15.0.tgz 2062ms (cache miss)
2405 http fetch GET 200 https://registry.npmjs.org/@typescript-eslint/scope-manager/-/scope-manager-8.58.2.tgz 2104ms (cache miss)
2406 http fetch GET 200 https://registry.npmjs.org/json-schema-traverse/-/json-schema-traverse-0.4.1.tgz 2091ms (cache miss)
2407 http fetch GET 200 https://registry.npmjs.org/strip-json-comments/-/strip-json-comments-3.1.1.tgz 2117ms (cache miss)
2408 http fetch GET 200 https://registry.npmjs.org/@humanfs/core/-/core-0.19.2.tgz 2132ms (cache miss)
2409 http fetch GET 200 https://registry.npmjs.org/levn/-/levn-0.4.1.tgz 2136ms (cache miss)
2410 http fetch GET 200 https://registry.npmjs.org/sucrase/-/sucrase-3.35.1.tgz 2163ms (cache miss)
2411 http fetch GET 200 https://registry.npmjs.org/@types/json-schema/-/json-schema-7.0.15.tgz 2153ms (cache miss)
2412 http fetch GET 200 https://registry.npmjs.org/natural-compare/-/natural-compare-1.4.0.tgz 2178ms (cache miss)
2413 http fetch GET 200 https://registry.npmjs.org/import-fresh/-/import-fresh-3.3.1.tgz 2185ms (cache miss)
2414 http fetch GET 200 https://registry.npmjs.org/js-yaml/-/js-yaml-4.1.1.tgz 2200ms (cache miss)
2415 http fetch GET 200 https://registry.npmjs.org/minimatch/-/minimatch-3.1.5.tgz 2204ms (cache miss)
2416 http fetch GET 200 https://registry.npmjs.org/uri-js/-/uri-js-4.4.1.tgz 2238ms (cache miss)
2417 http fetch GET 200 https://registry.npmjs.org/is-glob/-/is-glob-4.0.3.tgz 2236ms (cache miss)
2418 http fetch GET 200 https://registry.npmjs.org/lodash.merge/-/lodash.merge-4.6.2.tgz 2250ms (cache miss)
2419 http fetch GET 200 https://registry.npmjs.org/@eslint/object-schema/-/object-schema-2.1.7.tgz 2251ms (cache miss)
2420 http fetch GET 200 https://registry.npmjs.org/ignore/-/ignore-5.3.2.tgz 2258ms (cache miss)
2421 http fetch GET 200 https://registry.npmjs.org/imurmurhash/-/imurmurhash-0.1.4.tgz 2259ms (cache miss)
2422 http fetch GET 200 https://registry.npmjs.org/optionator/-/optionator-0.9.4.tgz 2264ms (cache miss)
2423 http fetch GET 200 https://registry.npmjs.org/glob-parent/-/glob-parent-6.0.2.tgz 2278ms (cache miss)
2424 http fetch GET 200 https://registry.npmjs.org/json-stable-stringify-without-jsonify/-/json-stable-stringify-without-jsonify-1.0.1.tgz 2294ms (cache miss)
2425 http fetch GET 200 https://registry.npmjs.org/file-entry-cache/-/file-entry-cache-8.0.0.tgz 2310ms (cache miss)
2426 http fetch GET 200 https://registry.npmjs.org/find-up/-/find-up-5.0.0.tgz 2311ms (cache miss)
2427 http fetch GET 200 https://registry.npmjs.org/fast-deep-equal/-/fast-deep-equal-3.1.3.tgz 2328ms (cache miss)
2428 http fetch GET 200 https://registry.npmjs.org/esutils/-/esutils-2.0.3.tgz 2391ms (cache miss)
2429 http fetch GET 200 https://registry.npmjs.org/espree/-/espree-10.4.0.tgz 2405ms (cache miss)
2430 http fetch GET 200 https://registry.npmjs.org/cross-spawn/-/cross-spawn-7.0.6.tgz 2433ms (cache miss)
2431 http fetch GET 200 https://registry.npmjs.org/eslint-visitor-keys/-/eslint-visitor-keys-4.2.1.tgz 2448ms (cache miss)
2432 http fetch GET 200 https://registry.npmjs.org/escape-string-regexp/-/escape-string-regexp-4.0.0.tgz 2453ms (cache miss)
2433 http fetch GET 200 https://registry.npmjs.org/@types/estree/-/estree-1.0.8.tgz 2476ms (cache miss)
2434 http fetch GET 200 https://registry.npmjs.org/chalk/-/chalk-4.1.2.tgz 2486ms (cache miss)
2435 http fetch GET 200 https://registry.npmjs.org/@humanfs/node/-/node-0.16.8.tgz 2494ms (cache miss)
2436 http fetch GET 200 https://registry.npmjs.org/@typescript-eslint/eslint-plugin/-/eslint-plugin-8.58.2.tgz 2543ms (cache miss)
2437 http fetch GET 200 https://registry.npmjs.org/eslint-scope/-/eslint-scope-8.4.0.tgz 2507ms (cache miss)
2438 http fetch GET 200 https://registry.npmjs.org/@eslint/plugin-kit/-/plugin-kit-0.4.1.tgz 2508ms (cache miss)
2439 http fetch GET 200 https://registry.npmjs.org/@humanwhocodes/module-importer/-/module-importer-1.0.1.tgz 2513ms (cache miss)
2440 http fetch GET 200 https://registry.npmjs.org/@humanwhocodes/retry/-/retry-0.4.3.tgz 2544ms (cache miss)
2441 http fetch GET 200 https://registry.npmjs.org/@eslint-community/regexpp/-/regexpp-4.12.2.tgz 2555ms (cache miss)
2442 http fetch GET 200 https://registry.npmjs.org/@eslint/core/-/core-0.17.0.tgz 2604ms (cache miss)
2443 http fetch GET 200 https://registry.npmjs.org/@eslint/config-helpers/-/config-helpers-0.4.2.tgz 2634ms (cache miss)
2444 http fetch GET 200 https://registry.npmjs.org/ms/-/ms-2.1.3.tgz 2651ms (cache miss)
2445 http fetch GET 200 https://registry.npmjs.org/update-browserslist-db/-/update-browserslist-db-1.2.3.tgz 2685ms (cache miss)
2446 http fetch GET 200 https://registry.npmjs.org/ajv/-/ajv-6.14.0.tgz 2694ms (cache miss)
2447 http fetch GET 200 https://registry.npmjs.org/node-releases/-/node-releases-2.0.37.tgz 2694ms (cache miss)
2448 http fetch GET 200 https://registry.npmjs.org/postcss-value-parser/-/postcss-value-parser-4.2.0.tgz 2705ms (cache miss)
2449 http fetch GET 200 https://registry.npmjs.org/baseline-browser-mapping/-/baseline-browser-mapping-2.10.20.tgz 2711ms (cache miss)
2450 http fetch GET 200 https://registry.npmjs.org/electron-to-chromium/-/electron-to-chromium-1.5.340.tgz 2719ms (cache miss)
2451 http fetch GET 200 https://registry.npmjs.org/@eslint/eslintrc/-/eslintrc-3.3.5.tgz 2735ms (cache miss)
2452 http fetch GET 200 https://registry.npmjs.org/esquery/-/esquery-1.7.0.tgz 2740ms (cache miss)
2453 http fetch GET 200 https://registry.npmjs.org/@eslint/config-array/-/config-array-0.21.2.tgz 2741ms (cache miss)
2454 http fetch GET 200 https://registry.npmjs.org/@types/babel__traverse/-/babel__traverse-7.28.0.tgz 2746ms (cache miss)
2455 http fetch GET 200 https://registry.npmjs.org/fraction.js/-/fraction.js-5.3.4.tgz 2756ms (cache miss)
2456 http fetch GET 200 https://registry.npmjs.org/@types/babel__generator/-/babel__generator-7.27.0.tgz 2756ms (cache miss)
2457 http fetch GET 200 https://registry.npmjs.org/@types/babel__template/-/babel__template-7.4.4.tgz 2816ms (cache miss)
2458 http fetch GET 200 https://registry.npmjs.org/@jridgewell/sourcemap-codec/-/sourcemap-codec-1.5.5.tgz 2858ms (cache miss)
2459 http fetch GET 200 https://registry.npmjs.org/@jridgewell/resolve-uri/-/resolve-uri-3.1.2.tgz 2876ms (cache miss)
2460 http fetch GET 200 https://registry.npmjs.org/@babel/helper-plugin-utils/-/helper-plugin-utils-7.28.6.tgz 2887ms (cache miss)
2461 http fetch GET 200 https://registry.npmjs.org/@babel/helper-module-imports/-/helper-module-imports-7.28.6.tgz 2888ms (cache miss)
2462 http fetch GET 200 https://registry.npmjs.org/@babel/helper-globals/-/helper-globals-7.28.0.tgz 2888ms (cache miss)
2463 http fetch GET 200 https://registry.npmjs.org/@babel/helper-string-parser/-/helper-string-parser-7.27.1.tgz 2895ms (cache miss)
2464 http fetch GET 200 https://registry.npmjs.org/@eslint-community/eslint-utils/-/eslint-utils-4.9.1.tgz 2906ms (cache miss)
2465 http fetch GET 200 https://registry.npmjs.org/lru-cache/-/lru-cache-5.1.1.tgz 2913ms (cache miss)
2466 http fetch GET 200 https://registry.npmjs.org/jsesc/-/jsesc-3.1.0.tgz 2915ms (cache miss)
2467 http fetch GET 200 https://registry.npmjs.org/@babel/helper-validator-option/-/helper-validator-option-7.27.1.tgz 2931ms (cache miss)
2468 http fetch GET 200 https://registry.npmjs.org/browserslist/-/browserslist-4.28.2.tgz 2966ms (cache miss)
2469 http fetch GET 200 https://registry.npmjs.org/@babel/compat-data/-/compat-data-7.29.0.tgz 2968ms (cache miss)
2470 http fetch GET 200 https://registry.npmjs.org/picocolors/-/picocolors-1.1.1.tgz 2974ms (cache miss)
2471 http fetch GET 200 https://registry.npmjs.org/js-tokens/-/js-tokens-4.0.0.tgz 3034ms (cache miss)
2472 http fetch GET 200 https://registry.npmjs.org/@jridgewell/gen-mapping/-/gen-mapping-0.3.13.tgz 3097ms (cache miss)
2473 http fetch GET 200 https://registry.npmjs.org/gensync/-/gensync-1.0.0-beta.2.tgz 3097ms (cache miss)
2474 http fetch GET 200 https://registry.npmjs.org/debug/-/debug-4.4.3.tgz 3111ms (cache miss)
2475 http fetch GET 200 https://registry.npmjs.org/@babel/helper-validator-identifier/-/helper-validator-identifier-7.28.5.tgz 3130ms (cache miss)
2476 http fetch GET 200 https://registry.npmjs.org/convert-source-map/-/convert-source-map-2.0.0.tgz 3133ms (cache miss)
2477 http fetch GET 200 https://registry.npmjs.org/semver/-/semver-6.3.1.tgz 3135ms (cache miss)
2478 http fetch GET 200 https://registry.npmjs.org/json5/-/json5-2.2.3.tgz 3163ms (cache miss)
2479 http fetch GET 200 https://registry.npmjs.org/@babel/template/-/template-7.28.6.tgz 3169ms (cache miss)
2480 http fetch GET 200 https://registry.npmjs.org/@jridgewell/trace-mapping/-/trace-mapping-0.3.31.tgz 3206ms (cache miss)
2481 http fetch GET 200 https://registry.npmjs.org/@jridgewell/remapping/-/remapping-2.3.5.tgz 3204ms (cache miss)
2482 http fetch GET 200 https://registry.npmjs.org/@babel/helper-module-transforms/-/helper-module-transforms-7.28.6.tgz 3214ms (cache miss)
2483 http fetch GET 200 https://registry.npmjs.org/@babel/parser/-/parser-7.29.2.tgz 3224ms (cache miss)
2484 http fetch GET 200 https://registry.npmjs.org/@babel/code-frame/-/code-frame-7.29.0.tgz 3255ms (cache miss)
2485 http fetch GET 200 https://registry.npmjs.org/react-refresh/-/react-refresh-0.17.0.tgz 3312ms (cache miss)
2486 http fetch GET 200 https://registry.npmjs.org/@babel/plugin-transform-react-jsx-self/-/plugin-transform-react-jsx-self-7.27.1.tgz 3333ms (cache miss)
2487 http fetch GET 200 https://registry.npmjs.org/@types/prop-types/-/prop-types-15.7.15.tgz 3345ms (cache miss)
2488 http fetch GET 200 https://registry.npmjs.org/@rolldown/pluginutils/-/pluginutils-1.0.0-beta.27.tgz 3348ms (cache miss)
2489 http fetch GET 200 https://registry.npmjs.org/@types/babel__core/-/babel__core-7.20.5.tgz 3348ms (cache miss)
2490 http fetch GET 200 https://registry.npmjs.org/@babel/helper-compilation-targets/-/helper-compilation-targets-7.28.6.tgz 3383ms (cache miss)
2491 http fetch GET 200 https://registry.npmjs.org/@babel/plugin-transform-react-jsx-source/-/plugin-transform-react-jsx-source-7.27.1.tgz 3390ms (cache miss)
2492 http fetch GET 200 https://registry.npmjs.org/@dnd-kit/accessibility/-/accessibility-3.1.1.tgz 3410ms (cache miss)
2493 http fetch GET 200 https://registry.npmjs.org/@babel/generator/-/generator-7.29.1.tgz 3471ms (cache miss)
2494 http fetch GET 200 https://registry.npmjs.org/typescript-eslint/-/typescript-eslint-8.58.2.tgz 3469ms (cache miss)
2495 http fetch GET 200 https://registry.npmjs.org/@babel/traverse/-/traverse-7.29.0.tgz 3555ms (cache miss)
2496 http fetch GET 200 https://registry.npmjs.org/csstype/-/csstype-3.2.3.tgz 3550ms (cache miss)
2497 http fetch GET 200 https://registry.npmjs.org/eslint-plugin-react-refresh/-/eslint-plugin-react-refresh-0.4.26.tgz 3549ms (cache miss)
2498 http fetch GET 200 https://registry.npmjs.org/globals/-/globals-15.15.0.tgz 3569ms (cache miss)
2499 http fetch GET 200 https://registry.npmjs.org/tslib/-/tslib-2.8.1.tgz 3591ms (cache miss)
2500 http fetch GET 200 https://registry.npmjs.org/@types/react-dom/-/react-dom-18.3.7.tgz 3653ms (cache miss)
2501 http fetch GET 200 https://registry.npmjs.org/eslint-plugin-react-hooks/-/eslint-plugin-react-hooks-5.2.0.tgz 3670ms (cache miss)
2502 http fetch GET 200 https://registry.npmjs.org/@vitejs/plugin-react/-/plugin-react-4.7.0.tgz 3698ms (cache miss)
2503 http fetch GET 200 https://registry.npmjs.org/@eslint/js/-/js-9.39.4.tgz 3741ms (cache miss)
2504 http fetch GET 200 https://registry.npmjs.org/balanced-match/-/balanced-match-4.0.4.tgz 3838ms (cache miss)
2505 http fetch GET 200 https://registry.npmjs.org/eslint-visitor-keys/-/eslint-visitor-keys-5.0.1.tgz 3853ms (cache miss)
2506 http fetch GET 200 https://registry.npmjs.org/postcss/-/postcss-8.5.10.tgz 3870ms (cache miss)
2507 http fetch GET 200 https://registry.npmjs.org/ignore/-/ignore-7.0.5.tgz 3895ms (cache miss)
2508 http fetch GET 200 https://registry.npmjs.org/brace-expansion/-/brace-expansion-5.0.5.tgz 3907ms (cache miss)
2509 http fetch GET 200 https://registry.npmjs.org/@types/react/-/react-18.3.28.tgz 3918ms (cache miss)
2510 http fetch GET 200 https://registry.npmjs.org/react/-/react-18.3.1.tgz 3949ms (cache miss)
2511 http fetch GET 200 https://registry.npmjs.org/fdir/-/fdir-6.5.0.tgz 3964ms (cache miss)
2512 http fetch GET 200 https://registry.npmjs.org/@dnd-kit/utilities/-/utilities-3.2.2.tgz 3977ms (cache miss)
2513 http fetch GET 200 https://registry.npmjs.org/glob-parent/-/glob-parent-5.1.2.tgz 3979ms (cache miss)
2514 http fetch GET 200 https://registry.npmjs.org/picomatch/-/picomatch-4.0.4.tgz 4024ms (cache miss)
2515 http fetch GET 200 https://registry.npmjs.org/glob-parent/-/glob-parent-5.1.2.tgz 4048ms (cache miss)
2516 http fetch GET 200 https://registry.npmjs.org/globals/-/globals-14.0.0.tgz 4047ms (cache miss)
2517 http fetch GET 200 https://registry.npmjs.org/eslint-visitor-keys/-/eslint-visitor-keys-3.4.3.tgz 4053ms (cache miss)
2518 http fetch GET 200 https://registry.npmjs.org/@dnd-kit/sortable/-/sortable-8.0.0.tgz 4079ms (cache miss)
2519 http fetch GET 200 https://registry.npmjs.org/esbuild 4018ms (cache miss)
2520 silly packumentCache corgi:https://registry.npmjs.org/esbuild set size:undefined disposed:false
2521 http fetch GET 200 https://registry.npmjs.org/@babel/core/-/core-7.29.0.tgz 4191ms (cache miss)
2522 http fetch GET 200 https://registry.npmjs.org/autoprefixer/-/autoprefixer-10.5.0.tgz 4191ms (cache miss)
2523 http fetch GET 200 https://registry.npmjs.org/semver/-/semver-7.7.4.tgz 4260ms (cache miss)
2524 http fetch GET 200 https://registry.npmjs.org/vite 4143ms (cache miss)
2525 silly packumentCache corgi:https://registry.npmjs.org/vite set size:undefined disposed:false
2526 http fetch GET 200 https://registry.npmjs.org/vite/-/vite-5.4.21.tgz 4342ms (cache miss)
2527 silly packumentCache corgi:https://registry.npmjs.org/@vitejs%2fplugin-react cache-miss
2528 http fetch GET 200 https://registry.npmjs.org/@babel/types/-/types-7.29.0.tgz 4402ms (cache miss)
2529 http fetch GET 200 https://registry.npmjs.org/minimatch/-/minimatch-10.2.5.tgz 4391ms (cache miss)
2530 http fetch GET 200 https://registry.npmjs.org/zustand/-/zustand-4.5.7.tgz 4431ms (cache miss)
2531 http fetch GET 200 https://registry.npmjs.org/react-dom/-/react-dom-18.3.1.tgz 4458ms (cache miss)
2532 http fetch GET 200 https://registry.npmjs.org/@babel/helpers/-/helpers-7.29.2.tgz 4636ms (cache miss)
2533 http fetch GET 200 https://registry.npmjs.org/@vitejs%2fplugin-react 271ms (cache miss)
2534 silly packumentCache corgi:https://registry.npmjs.org/@vitejs%2fplugin-react set size:undefined disposed:false
2535 http fetch GET 200 https://registry.npmjs.org/@dnd-kit/core/-/core-6.3.1.tgz 4828ms (cache miss)
2536 http fetch GET 200 https://registry.npmjs.org/tailwindcss/-/tailwindcss-3.4.19.tgz 5282ms (cache miss)
2537 http fetch GET 200 https://registry.npmjs.org/typescript/-/typescript-5.9.3.tgz 5493ms (cache miss)
2538 http fetch GET 200 https://registry.npmjs.org/eslint/-/eslint-9.39.4.tgz 5552ms (cache miss)
2539 http fetch GET 200 https://registry.npmjs.org/caniuse-lite/-/caniuse-lite-1.0.30001788.tgz 5730ms (cache miss)
2540 http fetch GET 200 https://registry.npmjs.org/lucide-react/-/lucide-react-0.378.0.tgz 9117ms (cache miss)
2541 http fetch GET 200 https://registry.npmjs.org/date-fns/-/date-fns-3.6.0.tgz 11178ms (cache miss)
2542 info run esbuild@0.21.5 postinstall node_modules/esbuild node install.js
2543 info run esbuild@0.21.5 postinstall { code: 0, signal: null }
2544 silly ADD node_modules/use-sync-external-store
2545 silly ADD node_modules/isexe
2546 silly ADD node_modules/@rollup/rollup-win32-x64-msvc
2547 silly ADD node_modules/@rollup/rollup-win32-x64-gnu
2548 silly ADD
2549 silly ADD
2550 silly ADD
2551 silly ADD
2552 silly ADD
2553 silly ADD
2554 silly ADD
2555 silly ADD
2556 silly ADD
2557 silly ADD
2558 silly ADD
2559 silly ADD
2560 silly ADD
2561 silly ADD
2562 silly ADD
2563 silly ADD
2564 silly ADD
2565 silly ADD
2566 silly ADD
2567 silly ADD
2568 silly ADD
2569 silly ADD
2570 silly ADD
2571 silly ADD node_modules/@esbuild/win32-x64
2572 silly ADD
2573 silly ADD
2574 silly ADD
2575 silly ADD
2576 silly ADD
2577 silly ADD
2578 silly ADD
2579 silly ADD
2580 silly ADD
2581 silly ADD
2582 silly ADD
2583 silly ADD
2584 silly ADD
2585 silly ADD
2586 silly ADD
2587 silly ADD
2588 silly ADD
2589 silly ADD
2590 silly ADD
2591 silly ADD
2592 silly ADD
2593 silly ADD
2594 silly ADD node_modules/rollup
2595 silly ADD node_modules/esbuild
2596 silly ADD node_modules/punycode
2597 silly ADD node_modules/escalade
2598 silly ADD node_modules/@typescript-eslint/tsconfig-utils
2599 silly ADD node_modules/@typescript-eslint/project-service
2600 silly ADD node_modules/@typescript-eslint/types
2601 silly ADD node_modules/ts-api-utils
2602 silly ADD node_modules/@typescript-eslint/visitor-keys
2603 silly ADD node_modules/@typescript-eslint/visitor-keys/node_modules/eslint-visitor-keys
2604 silly ADD node_modules/@typescript-eslint/type-utils
2605 silly ADD node_modules/@typescript-eslint/scope-manager
2606 silly ADD node_modules/@typescript-eslint/utils
2607 silly ADD node_modules/@typescript-eslint/typescript-estree
2608 silly ADD node_modules/@typescript-eslint/typescript-estree/node_modules/balanced-match
2609 silly ADD node_modules/@typescript-eslint/typescript-estree/node_modules/brace-expansion
2610 silly ADD node_modules/@typescript-eslint/typescript-estree/node_modules/semver
2611 silly ADD node_modules/@typescript-eslint/typescript-estree/node_modules/minimatch
2612 silly ADD node_modules/@typescript-eslint/parser
2613 silly ADD node_modules/@typescript-eslint/eslint-plugin
2614 silly ADD node_modules/@typescript-eslint/eslint-plugin/node_modules/ignore
2615 silly ADD node_modules/is-number
2616 silly ADD node_modules/thenify
2617 silly ADD node_modules/thenify-all
2618 silly ADD node_modules/object-assign
2619 silly ADD node_modules/any-promise
2620 silly ADD node_modules/ts-interface-checker
2621 silly ADD node_modules/tinyglobby
2622 silly ADD node_modules/tinyglobby/node_modules/picomatch
2623 silly ADD node_modules/tinyglobby/node_modules/fdir
2624 silly ADD node_modules/pirates
2625 silly ADD node_modules/mz
2626 silly ADD node_modules/lines-and-columns
2627 silly ADD node_modules/commander
2628 silly ADD node_modules/queue-microtask
2629 silly ADD node_modules/function-bind
2630 silly ADD node_modules/hasown
2631 silly ADD node_modules/supports-preserve-symlinks-flag
2632 silly ADD node_modules/path-parse
2633 silly ADD node_modules/is-core-module
2634 silly ADD node_modules/es-errors
2635 silly ADD node_modules/pify
2636 silly ADD node_modules/util-deprecate
2637 silly ADD node_modules/cssesc
2638 silly ADD node_modules/camelcase-css
2639 silly ADD node_modules/read-cache
2640 silly ADD node_modules/binary-extensions
2641 silly ADD node_modules/to-regex-range
2642 silly ADD node_modules/reusify
2643 silly ADD node_modules/run-parallel
2644 silly ADD node_modules/fastq
2645 silly ADD node_modules/@nodelib/fs.scandir
2646 silly ADD node_modules/merge2
2647 silly ADD node_modules/@nodelib/fs.walk
2648 silly ADD node_modules/@nodelib/fs.stat
2649 silly ADD node_modules/fill-range
2650 silly ADD node_modules/picomatch
2651 silly ADD node_modules/readdirp
2652 silly ADD node_modules/is-binary-path
2653 silly ADD
2654 silly ADD node_modules/braces
2655 silly ADD node_modules/anymatch
2656 silly ADD node_modules/sucrase
2657 silly ADD node_modules/resolve
2658 silly ADD node_modules/postcss-selector-parser
2659 silly ADD node_modules/postcss-nested
2660 silly ADD node_modules/postcss-load-config
2661 silly ADD node_modules/postcss-js
2662 silly ADD node_modules/postcss-import
2663 silly ADD node_modules/object-hash
2664 silly ADD node_modules/normalize-path
2665 silly ADD node_modules/micromatch
2666 silly ADD node_modules/lilconfig
2667 silly ADD node_modules/jiti
2668 silly ADD node_modules/fast-glob
2669 silly ADD node_modules/fast-glob/node_modules/glob-parent
2670 silly ADD node_modules/dlv
2671 silly ADD node_modules/didyoumean
2672 silly ADD node_modules/chokidar
2673 silly ADD node_modules/chokidar/node_modules/glob-parent
2674 silly ADD node_modules/arg
2675 silly ADD node_modules/@alloc/quick-lru
2676 silly ADD node_modules/has-flag
2677 silly ADD node_modules/shebang-regex
2678 silly ADD node_modules/scheduler
2679 silly ADD node_modules/loose-envify
2680 silly ADD node_modules/source-map-js
2681 silly ADD node_modules/nanoid
2682 silly ADD node_modules/callsites
2683 silly ADD node_modules/yocto-queue
2684 silly ADD node_modules/p-limit
2685 silly ADD node_modules/word-wrap
2686 silly ADD node_modules/fast-levenshtein
2687 silly ADD node_modules/deep-is
2688 silly ADD node_modules/concat-map
2689 silly ADD node_modules/balanced-match
2690 silly ADD node_modules/brace-expansion
2691 silly ADD node_modules/yallist
2692 silly ADD node_modules/p-locate
2693 silly ADD node_modules/type-check
2694 silly ADD node_modules/prelude-ls
2695 silly ADD node_modules/json-buffer
2696 silly ADD node_modules/argparse
2697 silly ADD node_modules/is-extglob
2698 silly ADD node_modules/resolve-from
2699 silly ADD node_modules/parent-module
2700 silly ADD node_modules/keyv
2701 silly ADD node_modules/flatted
2702 silly ADD node_modules/path-exists
2703 silly ADD node_modules/locate-path
2704 silly ADD node_modules/flat-cache
2705 silly ADD node_modules/acorn-jsx
2706 silly ADD node_modules/acorn
2707 silly ADD node_modules/estraverse
2708 silly ADD node_modules/esrecurse
2709 silly ADD node_modules/which
2710 silly ADD node_modules/shebang-command
2711 silly ADD node_modules/path-key
2712 silly ADD node_modules/color-name
2713 silly ADD node_modules/color-convert
2714 silly ADD node_modules/supports-color
2715 silly ADD node_modules/ansi-styles
2716 silly ADD node_modules/uri-js
2717 silly ADD node_modules/json-schema-traverse
2718 silly ADD node_modules/fast-json-stable-stringify
2719 silly ADD node_modules/@humanfs/types
2720 silly ADD node_modules/@humanfs/core
2721 silly ADD node_modules/levn
2722 silly ADD node_modules/strip-json-comments
2723 silly ADD node_modules/js-yaml
2724 silly ADD node_modules/import-fresh
2725 silly ADD node_modules/@types/json-schema
2726 silly ADD node_modules/@eslint/object-schema
2727 silly ADD node_modules/optionator
2728 silly ADD node_modules/natural-compare
2729 silly ADD node_modules/minimatch
2730 silly ADD node_modules/lodash.merge
2731 silly ADD node_modules/json-stable-stringify-without-jsonify
2732 silly ADD node_modules/is-glob
2733 silly ADD node_modules/imurmurhash
2734 silly ADD node_modules/ignore
2735 silly ADD node_modules/glob-parent
2736 silly ADD node_modules/find-up
2737 silly ADD node_modules/file-entry-cache
2738 silly ADD node_modules/fast-deep-equal
2739 silly ADD node_modules/esutils
2740 silly ADD node_modules/esquery
2741 silly ADD node_modules/espree
2742 silly ADD node_modules/eslint-visitor-keys
2743 silly ADD node_modules/eslint-scope
2744 silly ADD node_modules/escape-string-regexp
2745 silly ADD node_modules/cross-spawn
2746 silly ADD node_modules/chalk
2747 silly ADD node_modules/ajv
2748 silly ADD node_modules/@types/estree
2749 silly ADD node_modules/@humanwhocodes/retry
2750 silly ADD node_modules/@humanwhocodes/module-importer
2751 silly ADD node_modules/@humanfs/node
2752 silly ADD node_modules/@eslint/plugin-kit
2753 silly ADD node_modules/@eslint/eslintrc
2754 silly ADD node_modules/@eslint/eslintrc/node_modules/globals
2755 silly ADD node_modules/@eslint/core
2756 silly ADD node_modules/@eslint/config-helpers
2757 silly ADD node_modules/@eslint/config-array
2758 silly ADD node_modules/@eslint-community/regexpp
2759 silly ADD node_modules/@eslint-community/eslint-utils
2760 silly ADD node_modules/@eslint-community/eslint-utils/node_modules/eslint-visitor-keys
2761 silly ADD node_modules/ms
2762 silly ADD node_modules/update-browserslist-db
2763 silly ADD node_modules/node-releases
2764 silly ADD node_modules/electron-to-chromium
2765 silly ADD node_modules/baseline-browser-mapping
2766 silly ADD node_modules/postcss-value-parser
2767 silly ADD node_modules/fraction.js
2768 silly ADD node_modules/caniuse-lite
2769 silly ADD node_modules/@types/babel__traverse
2770 silly ADD node_modules/@types/babel__template
2771 silly ADD node_modules/@types/babel__generator
2772 silly ADD node_modules/@jridgewell/resolve-uri
2773 silly ADD node_modules/@jridgewell/sourcemap-codec
2774 silly ADD node_modules/@babel/helper-string-parser
2775 silly ADD node_modules/@babel/helper-globals
2776 silly ADD node_modules/@babel/helper-plugin-utils
2777 silly ADD node_modules/@babel/helper-module-imports
2778 silly ADD node_modules/lru-cache
2779 silly ADD node_modules/browserslist
2780 silly ADD node_modules/@babel/helper-validator-option
2781 silly ADD node_modules/@babel/compat-data
2782 silly ADD node_modules/jsesc
2783 silly ADD node_modules/@jridgewell/trace-mapping
2784 silly ADD node_modules/@jridgewell/gen-mapping
2785 silly ADD node_modules/picocolors
2786 silly ADD node_modules/js-tokens
2787 silly ADD node_modules/@babel/helper-validator-identifier
2788 silly ADD node_modules/semver
2789 silly ADD node_modules/json5
2790 silly ADD node_modules/gensync
2791 silly ADD node_modules/debug
2792 silly ADD node_modules/convert-source-map
2793 silly ADD node_modules/@jridgewell/remapping
2794 silly ADD node_modules/@babel/types
2795 silly ADD node_modules/@babel/traverse
2796 silly ADD node_modules/@babel/template
2797 silly ADD node_modules/@babel/parser
2798 silly ADD node_modules/@babel/helpers
2799 silly ADD node_modules/@babel/helper-module-transforms
2800 silly ADD node_modules/@babel/helper-compilation-targets
2801 silly ADD node_modules/@babel/generator
2802 silly ADD node_modules/@babel/code-frame
2803 silly ADD node_modules/react-refresh
2804 silly ADD node_modules/@types/babel__core
2805 silly ADD node_modules/@rolldown/pluginutils
2806 silly ADD node_modules/@babel/plugin-transform-react-jsx-source
2807 silly ADD node_modules/@babel/plugin-transform-react-jsx-self
2808 silly ADD node_modules/@babel/core
2809 silly ADD node_modules/csstype
2810 silly ADD node_modules/@types/prop-types
2811 silly ADD node_modules/tslib
2812 silly ADD node_modules/@dnd-kit/accessibility
2813 silly ADD node_modules/zustand
2814 silly ADD node_modules/typescript-eslint
2815 silly ADD node_modules/typescript
2816 silly ADD node_modules/tailwindcss
2817 silly ADD node_modules/lucide-react
2818 silly ADD node_modules/globals
2819 silly ADD node_modules/eslint-plugin-react-refresh
2820 silly ADD node_modules/eslint-plugin-react-hooks
2821 silly ADD node_modules/eslint
2822 silly ADD node_modules/date-fns
2823 silly ADD node_modules/postcss
2824 silly ADD node_modules/autoprefixer
2825 silly ADD node_modules/vite
2826 silly ADD node_modules/@vitejs/plugin-react
2827 silly ADD node_modules/@types/react-dom
2828 silly ADD node_modules/@types/react
2829 silly ADD node_modules/@eslint/js
2830 silly ADD node_modules/@dnd-kit/utilities
2831 silly ADD node_modules/@dnd-kit/sortable
2832 silly ADD node_modules/react-dom
2833 silly ADD node_modules/react
2834 silly ADD node_modules/@dnd-kit/core
2835 verbose cwd E:\zhihe\GSB\glm
2836 verbose os Windows_NT 10.0.26200
2837 verbose node v22.14.0
2838 verbose npm  v10.9.2
2839 notice
2839 notice New [31mmajor[39m version of npm available! [31m10.9.2[39m -> [34m11.12.1[39m
2839 notice Changelog: [34mhttps://github.com/npm/cli/releases/tag/v11.12.1[39m
2839 notice To update run: [4mnpm install -g npm@11.12.1[24m
2839 notice  { force: true, [Symbol(proc-log.meta)]: true }
2840 verbose exit 0
2841 info ok
